source,movie,subtitle_id,line_index,context,masked_line,gold_line,gold_pronoun
IndicDialogue,Madam Chief Minister,1957179704,762,"तेरी निजी दुश्मनी के लिए मैं सरकार का नुकसान नहीं करूँगा।
यह मेरा आदेश है।
इंद्रमणि त्रिपाठी को मंत्री बना और इस मामले को खत्म कर बस।
ना बनाऊँ तो?
-तू मेरी बात टालेगी? -हाँ।",____ गलत बात करोगे तो तुम्हारी बात भी टालूँगी दद्दा।,तुम गलत बात करोगे तो तुम्हारी बात भी टालूँगी दद्दा।,तुम
IndicDialogue,Jaadugar,1957742927,1590,"कलामंच में शो करने का मौका मिला था।
पर उसकी टीम चली गयी और अपनी फुटबॉल प्रैक्टिस लगी हुई थी।
अच्छा?
शो ही छोड़ दिया उसने अपना।
सही है यार।",अरे! ____ क्यों--,अरे! तुम क्यों--,तुम
IndicDialogue,Guilty,1956804853,997,"‎क्या तुमने इस वक़्त मुझे यहां बुलाया...
‎क्या तुम मेरे साथ सोने की कोशिश कर रहे हो?
‎-क्या बकवास है, क्या बोल रही हो तुम? ‎-क्या तुमने इसलिए मुझे यहां लाया?
‎-क्या? ‎-तुम वीजे को जेल भेजना चाहते हो क्योंकि...
‎और मैं इतने दिन से तुमसे बात कर रही थी।",‎-____ क्या कह रही हो? ‎-वीजे...,‎-तुम क्या कह रही हो? ‎-वीजे...,तुम
IndicDialogue,Ginny Weds Sunny,1956951114,1835,"‎-चाचाजी, यह खड़ी गिन्नी। ‎-यहाँ नेहा है।
‎आप घूँघट उठा के तो देखो।
‎सारे के सारे मिलके आपको बेवकूफ़ बना रहे हैं।
‎ओ चाचाजी, जल्दी करो यार, ‎मेरी गिन्नी की शादी हो जानी है।
‎चाचाजी, अपशगुन हो जाएगा ऐसे।","‎डरा रहा है अंकल ____ ये, डरा रहा है।","‎डरा रहा है अंकल आपको ये, डरा रहा है।",आपको
IndicDialogue,Jaane Jaan,1958289341,1451,"हाँ।
ये उनकी साज़िश थी।
एक आपको बाहर ले जाए, दूसरा घर से हीटर ले जाए।
क्यों?
क्यूंकि उनको पता चल गया है कि अजीत को किस चीज़ से मारा गया है।","पुलिस को ____ पर अभी भी शक है, और वो हर एक चीज़ की जांच करेंगे।","पुलिस को आप पर अभी भी शक है, और वो हर एक चीज़ की जांच करेंगे।",आप
IndicDialogue,Ginny Weds Sunny,1956951114,1546,"‎बार-बार कहने के लिए आगे बढ़ ‎मगर आगे बढ़ने ना देने के लिए।
‎और ऐसे डांवाडोल होके...
‎तुझे शादी के लिए प्रपोज़ करने के लिए।
‎और आज शायद आखिरी बार बात कर रहे हैं तो
‎चौथी बात  भी बोल ही देता हूँ।","‎देख अगर  ____ लगता है ना कि सन्नी तेरे लिए सही है,","‎देख अगर  तुझे लगता है ना कि सन्नी तेरे लिए सही है,",तुझे
IndicDialogue,The White Tiger,1957077990,226,"‏ जितने भी भगवान को तुम मानते हो,
‏उन सब की कसम खाओ ‏कि अपनी कमाई की एक-एक पाई,
‏-हर महीने, अपनी दादी के पास भेजोगे। ‏-
‏-कसम खाते हैं। ‏-क्या दाँत फाड़ रहा है?
‏मारो चिकोटी और खाओ कसम!","‏चिकोटी खा रहे हैं! दादी, ____ सोचिए…","‏चिकोटी खा रहे हैं! दादी, आप सोचिए…",आप
IndicDialogue,Shehzada,1958077493,1798,"कॉन्ग्रेच्युलेशंस, बडी।
अब आप सो जाओ और मुझे भी चैन से खाना खाने दो।
कैडबरी, तुम यहाँ?
गुड मॉर्निंग, बंटू।
सब ठीक तो है ना?",जिंदल साहब ने ये ____ लिए भेजा है।,जिंदल साहब ने ये तुम्हारे लिए भेजा है।,तुम्हारे
IndicDialogue,Ginny Weds Sunny,1956951114,475,"‎अब तो मैं खीर भी बनाऊँगा और ‎गिन्नी को तेरी भाभी और आपकी बहू भी।
‎कसम पैदा करने वाली की!
‎ओए, मेरी कसमें क्यों खा रहा है?
‎आपने अकेले पैदा किया है उसे?
‎गिन्नी को तो तू ऐसे ही पटा लेगा।",‎-____ बड़ा भरोसा है। ‎-ये ले।,‎-आपको बड़ा भरोसा है। ‎-ये ले।,आपको
IndicDialogue,Madam Chief Minister,1957179704,417,"और अगर हम मना कर दें तो?
नहीं।
आप मना नहीं करेंगे।
क्योंकि जानते हैं कि मैं सही कह रही हूँ।
और अगर करेंगे,",तो ____ जानकारी के लिए बता दूँ,तो आपकी जानकारी के लिए बता दूँ,आपकी
IndicDialogue,Ginny Weds Sunny,1956951114,1132,"‎हाँ पर जब मैं चाहती थी, तब तो नहीं किया उसने।
‎अब क्या चाहती है, तू गिन्नी? बता।
‎मैं तेरे साथ रहना चाहती हूँ।
‎-समय बिताना चाहती हूँ। ‎-देख गिन्नी, जब तक ये उलझन बीच में हैं ना...
‎तो हम दोनों समय तो नहीं बिता पायेंगे यार। सच।",‎तो ____ क्या चाहता है?,‎तो तू क्या चाहता है?,तू
IndicDialogue,Madam Chief Minister,1957179704,605,"मैं थोड़ा विचार करने के बाद
इस पर अपना निर्णय देता हूँ।
मास्टर जी को इस पर सोचने की क्या ज़रूरत है?
मुख्यमंत्री?
ए चल! झूठी!",____ कौन बनाएगा सीएम?,तुझे कौन बनाएगा सीएम?,तुझे
IndicDialogue,Madam Chief Minister,1957179704,1530,"बताया जा रहा है कि उन्होंने शराब के नशे में पुलिस पर गोली चलाई।
और जवाबी कार्यवाही में मारे गए।
हालाँकि इन दोनों मामले में अभी तक मुख्यमंत्री की ओर से
-कोई बयान नहीं आया है। - खान साहब।
गवर्नर साहब के वहाँ से फ़ोन आया था।",____ शपथ ग्रहण समारोह रद्द हो गया है।,आपका शपथ ग्रहण समारोह रद्द हो गया है।,आपका
IndicDialogue,Lust Stories 2,1958186552,970,"मैं डर गई थी।
क्यों?
मैं डर गई थी कि...
कोई मुझे... मारना चाहता है।
मारना चाहता है?",कोई ____ क्यों मारना चाहेगा?,कोई तुम्हें क्यों मारना चाहेगा?,तुम्हें
IndicDialogue,Axone,1956818787,1145,"पापा को मैं देखता हूँ। ऐसा मक्खन लगाऊँगा ना तू देख अभी!
पापा जी, मिनम की शादी है और मिनम तो हमारे साथ ही रहती है ना!
तो नानी कौन होती हैं बोलनेवाली कि शादी यहाँ नहीं हो सकती?
लेकिन मम्मी जी ने तो मुझे इस बारे में कुछ बताया ही नहीं।
अरे बताना क्या पापा? पूछना चाहिए था आपसे!","ख़ैर, नानी जी भी कहाँ पूछती हैं ____ से कभी कुछ!","ख़ैर, नानी जी भी कहाँ पूछती हैं आप से कभी कुछ!",आप
IndicDialogue,Shehzada,1958077493,1702,"निकल। निकल। निकल।
अगले दो साल में आपकी ब्यूटी और बढ़ने वाली है।
रहने दे! ये हाथों में लिखा है?
आप जिम जाती हैं?
हाँ। ट्रू फिटनेस।",तो ट्रू फिटनेस में ____ ट्रू लव मिलेगा।,तो ट्रू फिटनेस में आपको ट्रू लव मिलेगा।,आपको
IndicDialogue,Ginny Weds Sunny,1956951114,1105,"‎ओ पापा प्लीज़, आप ना ‎फालतू की बात ना किया करो सबके सामने।
‎ओ काका, बड़ों का कहा, और आमले का खाया...
‎बाद में ही रास आता है, बेटा।
‎सही।
‎और हम ना सन्नी तेरे भले के लिए कह रहे हैं।","‎ओ बुज़ुर्गों, बहुत भलाई कर ली ____ दोनों ने। अब बस।","‎ओ बुज़ुर्गों, बहुत भलाई कर ली आप दोनों ने। अब बस।",आप
IndicDialogue,Ginny Weds Sunny,1956951114,1453,"‎या नहीं।
‎नहीं।
‎अब आ ना जाइयो मुड़ के वापिस।
‎धमकी दे रहा है? गिलीच आदमी।
‎जो समझना है, समझ ले, मेरी बला से।",‎-पागल जनानी। ‎-____ पागल।,‎-पागल जनानी। ‎-तू पागल।,तू
IndicDialogue,Ginny Weds Sunny,1956951114,935,"‎♪ वाक़िफ तुम्हीं से प्यार के ♪
‎♪ सब काफ़िले तो हैं ♪
‎♪ माना कि मंज़िलें अभी ♪
‎♪ कुछ दूर हैं मगर ♪
‎♪ मिलकर वफ़ा की राह पर ♪",‎♪ हम ____ चले तो हैं ♪,‎♪ हम तुम चले तो हैं ♪,तुम
IndicDialogue,Guilty,1956804853,908,"‎मेरे पास तुम्हारे जितने विशेष अधिकार नहीं हैं, है ना?
‎तो, तुम्हारी भाषा में, ‎मुझे अपना ""शोषण"" करवाना पड़ेगा।
‎क्या?
‎यह सब क्या बोल रही हो?
‎चलो भी, यार, बोलो।",‎मैंने ____ मार्कशीट देखी।,‎मैंने तुम्हारी मार्कशीट देखी।,तुम्हारी
IndicDialogue,Shehzada,1958077493,495,"सार्वजनिक संपत्ति की तोड़-फोड़।
मुझे लगता है तुम्हें भूख लगी है।
साले, तू मुझे लॉ सिखाएगा?
ये ले!
 दोस्तो, सिक्योरिटी कहाँ है?",____ लंबा जाने वाला है।,तू लंबा जाने वाला है।,तू
IndicDialogue,Jaadugar,1957742927,394,"मैं नहीं जानता? इच्छा, मैं नहीं जानता?
तू अपना बर्थ डे भूल गयी थी! मैं तेरे लिए केक लेके आया था!
होली पे पहला गुलाल लगाया था मैंने तेरे लिए और मैं नहीं जानता?
मीनू, मुझे ये टीवी सीरियल वाला प्यार नहीं चाहिए।
तो क्या चाहिए यार? अभी पूरा मैच मैं छोड़ के आया--","इच्छा अभी टेंशन मत ले, ____ एग्ज़ाम देके आ।","इच्छा अभी टेंशन मत ले, तू एग्ज़ाम देके आ।",तू
IndicDialogue,Jaadugar,1957742927,1539,"पर नियम तो ये है मैडम
जिसका मकान कॉलोनी में नहीं है, वो नहीं खेल सकता।
अरे क्यों नहीं खेल सकता?
उसका घर यहाँ नहीं है,
उसका परिवार तो यहीं है ना देखा जाए तो।","मीनू, ____ बीच में मत पड़।","मीनू, तू बीच में मत पड़।",तू
IndicDialogue,The Great Indian Family,1958355201,406,"तू हिलना मत।
दीदी चाय। आंख फोड़ डाली।
शरम आनी चाहिए तुम्हें।
गलती तो इंसान से होती है ना बहन।
अब्दुल से अच्छा मार्कस बजाने वाला लखनऊ तक नहीं है।",और अब ____ लोगों की वजह से वो फोन बंद करके बैठा है।,और अब तुम लोगों की वजह से वो फोन बंद करके बैठा है।,तुम
IndicDialogue,Jaadugar,1957742927,1807,"ओ, मीनू!
जो जीता वही…
-सिकंदर। -चीयर्स।
मुझे दे।
खेल जो है वो",____ से भी बेहतर…,आप से भी बेहतर…,आप
IndicDialogue,Lust Stories 2,1958186552,577,"परमिशन ली थी क्या ऊपर आने के लिए?
पूछा था मुझे?
मुझे क्या पता वो किस-किस को लेके आती है मेरे घर में!
मुझे नहीं पता!
- ज़्यादा मत बोल तू! - अरे क्या!",- क्या बोली ____? - अरे पागल हो गई है क्या तू?,- क्या बोली तू? - अरे पागल हो गई है क्या तू?,तू
IndicDialogue,Ginny Weds Sunny,1956951114,959,"‎पहला किस!
‎दस साल पहले था।
‎क्यों तूने भी तो किया होगा किसी को किस?
‎हाँ, मेरी भी हुईं हैं। बहुत चुम्मियाँ हुई हैं मेरी!
‎हाँ पर सुमित जैसा चिपकू कोई नहीं टकरा होगा तुझे।","‎____ बिलकुल चिंता ना कर, गिन्नी।","‎तू बिलकुल चिंता ना कर, गिन्नी।",तू
IndicDialogue,Guilty,1956804853,1066,"‎मेरा बैग है। हम जाएंगे।
‎हम जाएंगे, संभाल के।
‎-ठीक है, कुछ हो तो बताना, हां? ‎-शुक्रिया।
‎-शुक्रिया। ‎-चलो
‎सॉरी, मिस दत्ता, मैं आपसे मिलने दोबारा आ गया।","‎देखिए, मैं ____ ‎अन्कम्फ़र्टेबल फ़ील नहीं कराना चाहता","‎देखिए, मैं आपको ‎अन्कम्फ़र्टेबल फ़ील नहीं कराना चाहता",आपको
IndicDialogue,Lust Stories 2,1958186552,442," तेरी मेड तेरे बेड पर है।
तू अभी के अभी अंदर जा और उसे नौकरी से निकाल!
 सामी, मैं नहीं कर सकती।
मैं अभी ये चीज़ नहीं संभाल सकती।
और मेरा... मेरा दिमाग फट रहा है।","सुन, ____ अंदर जा, नहीं तो मैं आ रही हूँ वहाँ। मुझे आना ही पड़ेगा।","सुन, तू अंदर जा, नहीं तो मैं आ रही हूँ वहाँ। मुझे आना ही पड़ेगा।",तू
IndicDialogue,Tu Jhoothi Main Makkaar,1958103212,2492,"सर, फ़ैमिली है, प्लीज़ साथ में कर दीजिए।
ये कैमरा फ़ैमिली फ़ोटो नहीं खींचता।
वन वाय वन ही होगा।
प्लीज़, हमारे लिए कर दो।
हम साथ-साथ हैं।",क्यों कर दूँ? हम ____ हैं कौन?,क्यों कर दूँ? हम आपके हैं कौन?,आपके
IndicDialogue,The Great Indian Family,1958355201,669,"आज्ञा...वेद...चलो।
- अरे रे...पंडितजी..आप.. - पंडितजी प्लीज...
शायद हम बहू को लेकर ज्यादा उतावले हो रहे हैं।
हां पंडितजी.. जैसा फैसला हुआ वैसे ही करते हैं..
आप इत्मिनान से जाइए।",____ आने के बाद ही बिटिया की शादी...,आपके आने के बाद ही बिटिया की शादी...,आपके
IndicDialogue,Madam Chief Minister,1957179704,1111,"जी मैडम।
छावनी बना दी है पूरे अतिथि गृह को।
आपकी इजाज़त के बिना प्रधानमंत्री भी अंदर नहीं आ सकते।
और हमारे सारे विधायक?
क्लार्क अवध होटल में मैडम। पूरी सुरक्षा में।",____ चिंता ना करें। बबलू उन्हीं की साथ है।,आप चिंता ना करें। बबलू उन्हीं की साथ है।,आप
IndicDialogue,Indoo Ki Jawani,1957132233,1744,"तुम लोगों ने अंदर ही खींच लिया।
बन्दूक दिखाने की ज़रूरत नहीं पड़ी।
-आपका ऑर्डर। -वही है।
आप खाना बाद में दे सकते हैं, पहले मेरे साथ बाथरूम में आओ।
-बाथरूम? -हाँ, बाथरूम।","उसके बाद जब ____ मुझे घर से बाहर निकालने वाली थी,","उसके बाद जब तुम मुझे घर से बाहर निकालने वाली थी,",तुम
IndicDialogue,Tu Jhoothi Main Makkaar,1958103212,664,"मनु, तू कैसी बात कर रहा है?
बचपन से जानता है तू मुझे।
मुझे तो सॉस भी हॉट एंड स्वीट पसंद है।
फ़ेवरेट फ़्लेवर है मेरा।
तुझे सीरियसली लगता है कि मैं इसे छोड़कर...",कैसी बात कर रहा है ____?,कैसी बात कर रहा है तू?,तू
IndicDialogue,Haseen Dillruba,1957295757,623,"‎नहीं, ऐसा कुछ नहीं है।
‎-झूठ। ‎-
‎तो फिर चलो ट्रूथ या डेयर खेलते हैं।
‎सच, तो फिर बताना पड़ेगा ‎कि क्यों भाग रहे हो
‎और डेयर, तो फिर मैं अपना ब्लाउज ‎निकाल सकती हूँ और तुम अपनी पैंट।",‎ मैंने ____ मम्मी और मासी के साथ ‎सारी बातें सुन ली थीं।,‎ मैंने आपकी मम्मी और मासी के साथ ‎सारी बातें सुन ली थीं।,आपकी
IndicDialogue,Axone,1956818787,319,"बैठ जा। तू बैठ यार!
जब से, एक मिनट, जब से मेरी बेटी की इससे शादी हुई है ना किस्मत फूट गई है उसकी!
- हाँ मेरी कौन सी चमक गई है? - भाईसाहब एक मिनट पीछे मुड़कर देखो।
वह तस्वीर देखो।
मेरी जवानी और बुढ़ापा दोनों खा गया है यह!","देख, मैं अभी भी कह रही हूँ ____! अभी भी कह रही हूँ।","देख, मैं अभी भी कह रही हूँ तुझे! अभी भी कह रही हूँ।",तुझे
IndicDialogue,The White Tiger,1957077990,1627,"‏ विरोधी पार्टी को ‏इतना ही दिया था, चूतिए? हाँ?
‏हमें 40 लाख चाहिए। ‏सोमवार रात, शेरेटन होटल।
‏समझा?
‏ मैंने पहले गाँव से बस ली ‏और फिर ट्रेन पकड़ ली…
‏और आपके बारे में ‏लोगों से पूछते हुए यहाँ आ गए।",‏दादी और परिवार कहते हैं कि ____ मेरी शहर में ‏अच्छा देख-रेख करेंगे और ड्राइवर बना देंगे।,‏दादी और परिवार कहते हैं कि आप मेरी शहर में ‏अच्छा देख-रेख करेंगे और ड्राइवर बना देंगे।,आप
IndicDialogue,Jaadugar,1957742927,930,"तो हमसे बड़ा बुज़दिल और कोई नहीं होगा।
बुज़दिल साले। बस नाम का कप्तान बना रखा है।
मेरी गलती थी चाचा। सॉरी।
पर शायद आप भी तो भूल गए थे, कि मेरी फ़ैमिली भी बस आप ही हों।
अब चाहे कुछ भी हो जाए, चाचा…",मैं ____ दूर नहीं जाऊँगा।,मैं आपसे दूर नहीं जाऊँगा।,आपसे
IndicDialogue,Jaadugar,1957742927,1243,"आदर्श नगर के नये खिलाड़ी मैदान में उतरते हुए।
सिकंदर।
जीजा जी कहाँ हैं? गंगु! जीजा जी के सामने से हट!
जीजा जी!
अब पास दूँगा, गोल मारना सीधा।",-ले बेटा पानी पी। -____ ही दूँगा।,-ले बेटा पानी पी। -आपको ही दूँगा।,आपको
IndicDialogue,Madam Chief Minister,1957179704,481,"उसका तुम लोगों पर कोई असर हुआ भी है,
या बेकार बुढ़ापे में इन्होंने अपने घुटने खराब किए?
मैं इस विधान सभा क्षेत्र में…
सिर्फ और सिर्फ…
अपने समाज, अपने लोगों की बात करना चाहती हूँ।",क्योंकि किसी दूसरे को तो ____ चिंता ना है।,क्योंकि किसी दूसरे को तो तुम्हारी चिंता ना है।,तुम्हारी
IndicDialogue,Good Newwz,1956816836,1942,"अभी थोड़े समय के लिए आईसीयू में ही रखेंगे।
दोस्त, बेटी हुई है।
मोनी।
आप ने देखा उसको।
एक बार बस मिला दो चुहिया से।",____ ने मेरे बिना नाम भी सोच लिया।,तू ने मेरे बिना नाम भी सोच लिया।,तू
IndicDialogue,Axone,1956818787,545,"नहीं, नहीं आंटी। कुछ नहीं थोड़ा समय लगेगा। वह शौच का टैंक ठीक हो रहा है ना।
-  पता है अंदर क्या हो रहा है! -  क्या हुआ माता जी?
देखो कैसे सड़े गंदे नाले की बदबू फैला दी है मेरे घर में।
पता नहीं क्या किया है! बाहर निकलो तुम लोग!
- आज तो मैं देखके रहूँगी। - अरे क्या हो गया ऊपर?","अरे माता जी, ____ तो ""चक दे"" वाली लड़की लग रहे हों आज!","अरे माता जी, आप तो ""चक दे"" वाली लड़की लग रहे हों आज!",आप
IndicDialogue,Lust Stories 2,1958186552,711,"तू जानती है क्या गलत है, क्या सही है।
जाने दे, मुझे तुझसे बात ही नहीं करनी।
हाँ।
वो समझ रहा है मुझे।
पिछले कुछ दिनों से देख रही हूँ मैं।",____ मेरी तरफ देखता भी नहीं है ना?,तू मेरी तरफ देखता भी नहीं है ना?,तू
IndicDialogue,The Great Indian Family,1958355201,715,"जी पूजा तो मैं करके आया हूं।
हाँ?
पंडित जी से मिलना था। पता चला वो तो बाहर गए हुए हैं।
हां वो तो बाहर हैं.. लेकिन हम हैं बताइये..
कोई भजन का या कथा का कार्यक्रम करना है तो हमलोग करा सकते हैं...",नहीं । वो बात नहीं है। दअरसल मुझे ____ कुछ देना था।,नहीं । वो बात नहीं है। दअरसल मुझे आपको कुछ देना था।,आपको
IndicDialogue,The Great Indian Family,1958355201,471,"सुफने सी आके मेरी निंदरा चुरा गई
नखरे दिखाये मुझे ऐसे तू ने वाखरे
झपके बिना ही आँखें तकदा रहा
ऐन- वे- यी ना मार गेदिया
ऐन- वे- यी ना मार गेदिया",होगा ____ मिर्जा,होगा तू मिर्जा,तू
IndicDialogue,Ginny Weds Sunny,1956951114,52,"‎अच्छा? फिर कैसे करनी है बताओ?
‎देखो, सन्नी... तुम सच में एक अच्छे लड़के हो।
‎ मेरा मतलब, मुझे तुमसे मिलना बहुत अच्छा ‎लगता है, तुम्हारे साथ वक़्त बिताना पसंद है।
‎पर मुझे लगता है कि हमें कम से कम एक साल तक ‎इस तरह मिलना चाहिए
‎और उसके बाद ही कोई फ़ैसला करना चाहिए।",‎____ ब्याह एक साल बाद करना है?,‎आपको ब्याह एक साल बाद करना है?,आपको
IndicDialogue,Tu Jhoothi Main Makkaar,1958103212,1070,"चल सकते हैं।
कहाँ से पिक करूँ, घर या ऑफ़िस?
तू बता देना कहाँ देख रहे हैं, मैं आ जाऊँगी।
ओके, बाय। चल फ़ोन रख। बहुत काम है मुझे।
बाय।",कहाँ है ____? मैं पहुँच गई।,कहाँ है तू? मैं पहुँच गई।,तू
IndicDialogue,The Great Indian Family,1958355201,582,"नहीं हम नौकरी नहीं मांग रहे ना आपसे।
तो... मैं..
हम भजन कुमार हैं, हम गाते बहुत बढ़िया हैं।
हम टैलेंट शो में चले गए ना तो दो मिनट में सेलेक्शन हो जाएगा हमारा। दो मिनट में।
लेकिन वो पापाजी की रेस्पेक्ट है इसलिए हम कभी गए नहीं।","और ____ भी तो अच्छी गाती हैं, हम तो मतलब कलाकार समझ के आये थे-","और आप भी तो अच्छी गाती हैं, हम तो मतलब कलाकार समझ के आये थे-",आप
IndicDialogue,The Great Indian Family,1958355201,401,"- ये भी है तुम्हारे साथ? - हाँ।
तो फिर तू भी आ।
खुद को कोई काम धंधा नहीं है।
और दूसरों को परेशान करते हैं।
उल्लू के पट्ठे, तेरी बहन की...",____ हिलना मत।,तू हिलना मत।,तू
IndicDialogue,Axone,1956818787,703,"- हाँ पर तू कौन है? - मैं?
- अंकल, हम बेन्दांग के दोस्त हैं। - कौन?
- बेन्दांग, जो रहता है यहाँ पर। - हर बार कोई नया बंदा दिखाई पड़ता है।
वैसे भी तुम सबकी शक्लें एक ही सी होती हैं। कैसे मालूम पड़ेगा कौन रह रहा है?
अगर हम सबकी शक्लें एक ही सी होती हैं तो",____ कैसे मालूम कि हर बार दूसरा बंदा रहता है इधर?,तुझे कैसे मालूम कि हर बार दूसरा बंदा रहता है इधर?,तुझे
IndicDialogue,Dhamaka,1957450323,1308,"‪उसमें इस्तेमाल की गई रिपोर्ट दरअसल ‪आपकी पत्नी सौम्या मेहरा पाठक की थी।
‪और इसी कारण आपका तलाक भी होने जा रहा है।
{\an8}‪क्या आपने सौम्या जी की रिपोर्ट चुराई?
{\an8}‪मैं इन बेबुनियाद सवालों के ‪जवाब नहीं देना चाहूँगा।
{\an8}‪ मैं अभी भी तुम्हें बचा सकती हूँ।",‪मैं सौम्या को बताऊँगी कि मैंने ‪____ कहा था उसकी कहानी चुराने को।,‪मैं सौम्या को बताऊँगी कि मैंने ‪तुम्हें कहा था उसकी कहानी चुराने को।,तुम्हें
IndicDialogue,Good Newwz,1956816836,322,"पहाड़गंज में एक बाबाजी को जानती हूँ मैं।
एक नज़र डालते हैं, भगवान कसम!
सब काम हो जाता है।
तू बोले तो बात करूँ?
आंटी, मम्मी जी आपको कब से ढूँढ़े जा रही हैं।",तीन बार फ़ोन कर चुकी हैं। ____ फ़ोन नहीं उठा रहे।,तीन बार फ़ोन कर चुकी हैं। आप फ़ोन नहीं उठा रहे।,आप
IndicDialogue,Good Newwz,1956816836,1200,"उसी डॉक्टर के पास जाओ।
वो मामले को पहले से जानता है।
ज़्यादा बात फैलेगी नहीं।
गर्भपात कराते हैं।
कराते हैं गर्भपात!",____ ठीक हो?,तुम ठीक हो?,तुम
IndicDialogue,Indoo Ki Jawani,1957132233,145,"-अरे बताना? क्या हो गया? -अपना काम करो।
-मैं काम करूँ? -ज्यादा बकवास मत करो!
नहीं बोलना, क्या बकना चाहता था तू?
-मम्मी चुप करा लो इन्हें। -अरे बोलना?
हद हो गई!",चुप करो ____ दोनों। फिर लड़ने लगे।,चुप करो तुम दोनों। फिर लड़ने लगे।,तुम
IndicDialogue,Madam Chief Minister,1957179704,751,"मान-सम्मान को मिट्टी में मिलाने वाले को भूल जाऊँ?
दद्दा जिसका लिंग काटकर पेड़ पर लटकाने का मन करता है उसे तिलक लगाकर मंत्री बना दूँ?
समझौता कर लूँ?
दद्दा आज इन्दु पर समझौता करूँगी, कल किसी और चीज़ पर करना पड़ेगा।
आज झुकूँगी तो बार बार झुकना पड़ेगा।","-दद्दा, यही तो वह चाह रहा है अरविंद सिंह। -क्या, क्या करेगी ____?","-दद्दा, यही तो वह चाह रहा है अरविंद सिंह। -क्या, क्या करेगी तू?",तू
IndicDialogue,Jaane Jaan,1958289341,405,"अंजान आदमी मतलब कॉकरोच।
और आप ही ने कहा कि आपने कॉकरोच को मार दिया है।
लेकिन…
ये वही आदमी है, आपको कैसे पता चला?
कुछ और चीज़ें भी हैं।","जैसे, ____ दरवाज़े पर सिगरेट का एक टुकड़ा।","जैसे, आपके दरवाज़े पर सिगरेट का एक टुकड़ा।",आपके
IndicDialogue,The White Tiger,1957077990,1563,"‏अगर तुम यह चुरा भी लोगे न… ‏तो यह चोरी नहीं होगी।
‏अशोक जी नेता लोगों को घूस देते हैं ‏ताकि उन्हें टैक्स न देना पड़े।
‏और चोरी किसके साथ हो रही है?
‏इस देश के आम आदमी के साथ।
‏मेरे साथ।",‏____ साथ।,‏तुम्हारे साथ।,तुम्हारे
IndicDialogue,The White Tiger,1957077990,1423,"‏जैसे ही 50-55 का होगा, ‏तेरी गांड पर लात मारकर तुझे निकाल देंगे।
‏और फिर?
‏तूने कुछ पैसे कमा लिए, ‏तो एक बस्ती में झोंपड़ी खरीद लेगा।
‏तू मेरी तरह शाणा निकला, ‏तूने और पैसे कमा लिए, तो थोड़ा ज़्यादा।
‏ये तब जब सब बढ़िया रहा।","‏मान ले, बेटा, तेरा मालिक ‏बिना किसी बात के ____ लात मार दे।","‏मान ले, बेटा, तेरा मालिक ‏बिना किसी बात के तुझे लात मार दे।",तुझे
IndicDialogue,Good Newwz,1956816836,1402,"फ़्लश नहीं किया?
तनाव की वजह से आँतों से कुछ निकला नहीं।
अब ठीक है?
सिगरेट तो पीते ही थे, अब नशा भी करने लगे हो?
हाँ करने लगा हूँ। महिला शरलॉक होम्स, मैंने नशा किया है।",-लेकिन ____ वजह से मारा है। -मेरी वजह से?,-लेकिन तुम्हारी वजह से मारा है। -मेरी वजह से?,तुम्हारी
IndicDialogue,Indoo Ki Jawani,1957132233,1103,"क्या चाहिए तुझे?
मुझे माफ़ कर दो, इंदू।
मुझे तेरे साथ ऐसा नहीं करना चाहिए था।
और मैं फिर कभी ऐसा करूँगा भी नहीं।
माफ़ कर दे।","-इंदू, मुझे दो… -कहाँ है ____?","-इंदू, मुझे दो… -कहाँ है तू?",तू
IndicDialogue,Guilty,1956804853,1487,"‎दोषी हम नहीं, आप हैं। ये समझौता आप करा रहे हैं,
‎ये आपके पैसे हैं।
‎क्योंकि ये लोग कुछ छुपा रहे हैं, हम नहीं।
‎इसे नैतिकता का मुद्दा मत बनाओ, तनु।
‎अगर आपने केस वापस लेने के लिए पैसे लिए थे ‎तो यह धमकी देना हुआ।",‎जिससे ____ गवाही बेईमान साबित होती है।,‎जिससे आपकी गवाही बेईमान साबित होती है।,आपकी
IndicDialogue,The Great Indian Family,1958355201,461,"तेरा हक सोनिये
जोड़ी जमेगी अपनी
किस एंगल से?
करणी ए मैनु मंगनी
मेरी सैंडल से?",हो माँ की ____ ही सोनी,हो माँ की तू ही सोनी,तू
IndicDialogue,Shehzada,1958077493,740,"मेरा घर देख के आपका दिल बदल जाएगा।
बंटू, मैं तुम्हें बहुत पसंद करती हूँ।
मैं पसंद नहीं करता, सीधा प्यार करता हूँ।
ओके।
तो सीधा प्यार करते हैं।",____ कर पाएँगी?,आप कर पाएँगी?,आप
IndicDialogue,Shehzada,1958077493,633,"♪ करेंगे, लड़ेंगे, जीतेंगे ♪
♪ जीतेंगे रे, जीतेंगे रे ♪
गीता में लिखा है शरीर मरता है आत्मा नहीं।
छोड़ दे ये शरीर।
आज़ाद हो जा।",____ भी शांति मिलेगी और मुझे भी।,तुझे भी शांति मिलेगी और मुझे भी।,तुझे
IndicDialogue,Tu Jhoothi Main Makkaar,1958103212,2621,"{\an8}♪  कि तुझसे ही जादुई, जादुई, जादुई, जादुई  ♪
{\an8}♪  जादुई लगे ये ज़िंदगी  ♪
♪  मैं पूरे का पूरा हूँ मैं अब नहीं  ♪
♪  कि उसमें से आधा है तू  ♪
♪  या मुमकिन है मुझमें ही रहने लगा  ♪",♪ मुझसे भी ज़्यादा है ____  ♪,♪ मुझसे भी ज़्यादा है तू  ♪,तू
IndicDialogue,Dhamaka,1957450323,1260,"‪ डील रही, यार।
‪- सर, आमने-सामने? ‪- जी, आमने-सामने।
‪ मतलब, हम सामने आएंगे, वो माफ़ी ‪देंगे क्या? आप यह कह रहे हैं?
‪जी, बिलकुल। जैसा आप चाहते थे, वैसा होगा।
‪ नहीं, नहीं। ‪हमें भरोसा नहीं हो रहा है।",{\an8}‪भरोसा नहीं आ रहा है ____ पर। ‪भरोसा कैसे करें?,{\an8}‪भरोसा नहीं आ रहा है आप पर। ‪भरोसा कैसे करें?,आप
IndicDialogue,Axone,1956818787,1345,"हाँ, सबसे मिल लो।
-  ओह! हाय अंकल। - हाय मिनम।
हाय मम्मी!
- हाय आंटी! - हाय मिनम।
तुम बहुत सुंदर दिख रही हो।",काश! ____ यहाँ होती।,काश! तुम यहाँ होती।,तुम
IndicDialogue,Guilty,1956804853,150,"‎एक कमज़ोर खिलाड़ी, मंच पर ‎अपनी पूरी ज़िंदगी...""
‎मैंने कहा, भाड़ में जाओ।
‎""पर कुछ भी काम का नहीं है।""
‎शेक्सपीयर जी, आपको तनु कुमार का प्रणाम।
‎-वीजे! ‎- हां?","‎वीजे, हम ना ____ बैंड नहीं ज्वाइन कर पाएंगे।","‎वीजे, हम ना तुम्हारा बैंड नहीं ज्वाइन कर पाएंगे।",तुम्हारा
IndicDialogue,Good Newwz,1956816836,1582,"-अरे बताओ ना मोनी क्या बनेगा? -एथलीट या रैपर।
-हे-हे-हे। - चुप रहो, यार।
जानना है क्या लिखा है अनुबंध में?
- बताओ। -तो सुनो।
इसमें लिखा है कि हमारे बच्चे के पैदा होने के बाद तुम इसके आसपास भी नहीं भटकोगे।",ना ही ____ और इसका कोई संबंध है।,ना ही तुम्हारा और इसका कोई संबंध है।,तुम्हारा
IndicDialogue,The White Tiger,1957077990,685,"‏और अगर वे और पैसे माँगें, ‏तो दबाव में मत आना।
‏ देखिए। ‏एक मंत्री को घूस खिलाने के बाद
‏हम महात्मा गांधी जी के ‏सामने से गुज़र रहे हैं।
‏दुनिया का सबसे बड़ा प्रजातंत्र। ‏क्या मज़ाक है।
‏- अपनी बीवी की तरह बोल रहे हो। ‏- उसे बीच में मत लाइए।",‏ उम्मीद है उसे पता है ‏कि ____ अब भारत में ही रहोगे।,‏ उम्मीद है उसे पता है ‏कि तुम अब भारत में ही रहोगे।,तुम
IndicDialogue,Good Newwz,1956816836,544,"गोद लेना इससे आसान नहीं है?
हम्म। तो तुमने क्यों नहीं किया?
अपने वंश को आगे बढ़ाने का यह जो जुनून है
वो बहुत पुराना और गहरा है।
प्लीज़ आइए।",____ भी कुछ पूछ लो। कुछ तो रुचि लो।,तुम भी कुछ पूछ लो। कुछ तो रुचि लो।,तुम
IndicDialogue,Hit the First Case,1957795759,1771,"पर पता नहीं क्यों, कह नहीं पाई।
नहीं, नहीं। सुनो।
तुम्हें ना बहुत बड़ी ग़लतफ़हमी हुई है, सपना।
मैं स्ट्रेट हूँ, ओके?
बुरा मत मानना।",मैं ____ प्यार नहीं करती हूँ।,मैं तुमसे प्यार नहीं करती हूँ।,तुमसे
IndicDialogue,Dhamaka,1957450323,1698,"‪जी, आसिफ़ आप क्या कहना चाहते हैं।
‪ हे भगवान, ख़ुद को देखो तो।
‪अभी तक ज़िंदा हो?
‪ बॉस, यह सब क्या है?
‪ अर्जुन, मेरे पास ‪कोई रास्ता नहीं था।",‪____ नहीं फंसते तो चैनल फंसता।,‪तुम नहीं फंसते तो चैनल फंसता।,तुम
IndicDialogue,Lust Stories 2,1958186552,979,"मेरे पति...
कोई तुम्हें मारना नहीं चाहता।
तुम ऐसा सोच भी कैसे सकती हो?
नर्सिंग होम?
तुमने कहा तुम नर्सिंग होम से वापस जा रही थी।",____ नर्सिंग होम गई क्यों थी?,तुम नर्सिंग होम गई क्यों थी?,तुम
IndicDialogue,Hit the First Case,1957795759,439,"जा सकते हो।
शहर से बाहर जाना हो…
तो लाडूराम को इन्फॉर्म करना।
आई एम सॉरी, मोहन।
काश ये सब नहीं होता।","____ बस प्रीति को ढूँढ दो, अजीत।","तुम बस प्रीति को ढूँढ दो, अजीत।",तुम
IndicDialogue,Dhamaka,1957450323,1189,"‪ऐसे ही चलते रहो। हमें थोड़ा ‪समय चाहिए। मंत्री जी आ रहैं।
‪-हम समय नहीं बढ़ा सकते। ‪-वो माफ़ी माँगेंगे।
‪-मैं बात कर रहा हूँ। न… ‪-नहीं, सर।
‪ हमें समय चाहिए।
‪-हमें आतंकवादी पकड़ना है। ‪-जल्दी कीजिए।","‪-प्लीज़ जल्दी कीजिए ‪-सर, ____ नहीं कर सकते। रुकिए।","‪-प्लीज़ जल्दी कीजिए ‪-सर, आप नहीं कर सकते। रुकिए।",आप
IndicDialogue,Jaadugar,1957742927,667,"क्या बोला?
भूल गया मेरे मोहल्ले में खड़ा है तू?
देखना पसंद नहीं है क्या तुझे?
हाँ तूने देख के तो बहुत उखाड़ लिया ना।
नाम दिशा है, है दिशाहीन।",देख ____ ना तमीज़ से बात कर?,देख तू ना तमीज़ से बात कर?,तू
IndicDialogue,Jaadugar,1957742927,1365,"टी-शर्ट उतार के यूँ… यूँ नाच रहा था।
तुम चाहे दो मारो, चार या दस।
सामने वाली टीम से अगर एक गोल ज़्यादा नहीं मारा,
तो मुझ से शाबाशी की उम्मीद मत करना।
इस दंगल का महावीर फोगाट मैं हूँ।",और ____ सब मेरी बेटियाँ।,और तुम सब मेरी बेटियाँ।,तुम
IndicDialogue,Ginny Weds Sunny,1956951114,200,"‎-और तेरे साथ तो हमेशा ही होता है। ‎- बस करो तुम।
‎-शराब नहीं पीता मेरा बेटा। ‎-अच्छा जी।
‎भैया, तू रहने दे। ‎तू तो टेनिस में भी लव से हारता है।
‎-सुनो, पापा। ‎-हम्म।
‎इसकी अरेंज मैरिज करवा दो यार!","‎जिंदगी में पहली बार ढंग की बात की है इसने, ‎ले बेटा ____ रोटी खा।","‎जिंदगी में पहली बार ढंग की बात की है इसने, ‎ले बेटा तू रोटी खा।",तू
IndicDialogue,Dhamaka,1957450323,188,"‪यह मेरे पर्सनल नंबर पर सेव कर दो।
‪तो हम अब इसे रिकॉर्ड नहीं करेंगे क्या?
‪उसने बोला ना पंद्रह मिनट बाद कॉल करेगा।
‪हाँ बोला।
‪- तब रिकॉर्ड कर लेंगे। ‪-हमें उसकी रिपोर्ट करनी चाहिए।",‪____ कब से कानून की इतनी चिंता हो गई रे?,‪तुझे कब से कानून की इतनी चिंता हो गई रे?,तुझे
IndicDialogue,Madam Chief Minister,1957179704,584,"जैसा कि आप सभी लोग जानते हैं…
अब हमें विकास पार्टी के साथ मिलकर अपनी सरकार का गठन करना है।
लेकिन उससे पहले बहुत ज़रूरी बात,
हमें अपनी पार्टी से एक उम्मीदवार का चयन करना है
जो मुख्यमंत्री का पद संभाल सके।",इसमें मैं ____ सब लोगों की सलाह चाहूँगा।,इसमें मैं आप सब लोगों की सलाह चाहूँगा।,आप
IndicDialogue,Axone,1956818787,391,"मिनम, अभी तुम बस अपने इंटरव्यू पर ध्यान दो।
ठीक है।
तुम जानते हो ना अभी तुम ही मेरे हितैषी हो?
ठीक है चलो!
- बाय! - बाय!","शुभकामनाएँ ____, ठीक है!","शुभकामनाएँ तुम्हें, ठीक है!",तुम्हें
IndicDialogue,Shehzada,1958077493,1694,"जिसे वो अपनी माँ समझता है ना वो उसकी मालकिन बन जाएगी,
उसका बाप उसका बॉस बन जाएगा,
और तेरे जैसा मामूली क्लर्क उसका बाप बन जाएगा।
कमीना!
कमीना, मैं?","कमीना ____ है, वाल्मीकि।","कमीना तू है, वाल्मीकि।",तू
IndicDialogue,Hit the First Case,1957795759,317,"-तपी हुई है। -सॉरी?
मेरा मतलब है, मैडम, आपने कंपनी हेल्पलाइन पे फ़ोन किया है?
नहीं कर सकती।
मैं अपना फ़ोन घर पे भूल गई हूँ।
और वही लेने जा रही थी तो गाड़ी खराब हो गई।",लग रहा है आज ____ दिन ही खराब है।,लग रहा है आज आपका दिन ही खराब है।,आपका
IndicDialogue,The Great Indian Family,1958355201,529,"कुंभकरण। ज़्यादातार सोने का प्रोग्राम रहता है। पर सूट करता है इसको।
हाहाहाहाहा। बतायें रावण भैया किस-किस को मार के लायें।
वाह!
और इसके बाद ना वो लक्ष्मण वाला सीन आता है।
अरे बस पिंटू.. पिंटू पूरी रामलीला नहीं करके दिखानी है ना.. बैठो..",____ यार ये रामलीला करना अच्छा लगता है।,तुमको यार ये रामलीला करना अच्छा लगता है।,तुमको
IndicDialogue,Madam Chief Minister,1957179704,414,"क्यों बेकार में उत्तेजित हो रहे हों?
अध्यक्ष आप हों या भाईसाहब?
जाइए, हो गया। जाइए।
और अगर हम मना कर दें तो?
नहीं।",____ मना नहीं करेंगे।,आप मना नहीं करेंगे।,आप
IndicDialogue,Lust Stories 2,1958186552,1043,"लेकिन तुम्हारे बिना संभव नहीं था।
तुमने इतना त्याग किया।
- घर संभाला ताकि मैं... - नहीं!
घर संभालना मेरी मर्ज़ी से।
मुझे खुशी मिलती थी।","मैं आज जो कुछ भी हूँ, ____ वजह से हूँ।","मैं आज जो कुछ भी हूँ, तुम्हारी वजह से हूँ।",तुम्हारी
IndicDialogue,Jaadugar,1957742927,1010,"तुझे ये ऐसा बस… ऐसा लग रहा है। तू सच में प्यार नहीं करता दिशा से।
हाँ।
तू चाय पी और घर जा।
अरे यार।
मेरा प्यार असली है गुरु जी। मैं साबित करता हूँ ना आपको।","____ ही कहते हों ना, जो असली प्यार करता है वही असली जादू कर सकता है?","आप ही कहते हों ना, जो असली प्यार करता है वही असली जादू कर सकता है?",आप
IndicDialogue,Lust Stories 2,1958186552,669,"तो मैं बस अब पूछ रही हूँ। -हाँ।
पता है जब मैं और तुम साथ रहते थे,
और रोहन आया करता था?
 तूने, कभी भी, देखा नहीं
- रोहन और मुझे... - नहीं।","- और ____ ऐसा कैसे पूछ सकती है, सामी? - ओके, सॉरी।","- और तू ऐसा कैसे पूछ सकती है, सामी? - ओके, सॉरी।",तू
IndicDialogue,Indoo Ki Jawani,1957132233,1216,"तुम पागल हो क्या?
पीछे हटो। पीछे जाओ।
इस में पागल होने वाली कोई बात नहीं है।
तुम्हारे देश का पता नहीं पर हमारे यहाँ यही होता है।
चाहे जान चली जाए, पर इज़्ज़त नहीं जाए।",अब ना जब तक जगराता खत्म नहीं होता। तब तक ____ यहीं बैठे रहोगे।,अब ना जब तक जगराता खत्म नहीं होता। तब तक तुम यहीं बैठे रहोगे।,तुम
IndicDialogue,Guilty,1956804853,1278,"‎असली मर्द नारीवादी होते हैं
‎नारियों का अधिकार, मानव अधिकार है
‎ऐसा शरीर, मेरा हक़
‎तनु कुमार, तुम एक बहुत ही साहसी लड़की हो।
‎और, दोस्तों, ऐसी लड़की लाखों में एक होती है।","‎और हम सबको, तनु, ____ पर बहुत गर्व है।","‎और हम सबको, तनु, तुम पर बहुत गर्व है।",तुम
IndicDialogue,Jaadugar,1957742927,28,"तुझे पता है, मेरे एग्ज़ाम आ रहे हैं। आज ही मिलना ज़रूरी था?
तू भूल गई ना?
इच्छा, तेरे शोना का शो है आज! चलेगी नहीं?
ऐसा मैजिक शो दिखाऊँगा,
पूरी ऑडियंस खड़े होके ताली मारेगी।",मीनू ____ बर्थ डे पार्टी पे परफॉर्म कर रहा है…,मीनू तू बर्थ डे पार्टी पे परफॉर्म कर रहा है…,तू
IndicDialogue,Tu Jhoothi Main Makkaar,1958103212,556,"प्यार हो गया।
-अभी? -अभी।
अभी कभी?
अभी-अभी।
एक बाईट और ले न।",अब तो मेरा ____ चिपकने का मन कर रहा है।,अब तो मेरा तुझसे चिपकने का मन कर रहा है।,तुझसे
IndicDialogue,Tu Jhoothi Main Makkaar,1958103212,1621,"♪  तू सैटरडे की रात है  ♪
♪  मैं संडे का अखबार  ♪
♪  तू उमराव जान  ♪
♪ तो मैं बच्चन की दीवार  ♪
♪  बांह फट ले मेरी डार्लिंग  ♪",♪  ____ झूठी मैं मक्कार  ♪,♪  तू झूठी मैं मक्कार  ♪,तू
IndicDialogue,Darlings,1957768015,1025,"‎बैठिए।
‎-चाय, शरबत, ग्रीन टी? ‎-चाय।
‎हमज़ा के अब्बू गुज़र गए?
‎हाँ, देखिए न, अभी बेचारे।
‎अल्लाह मियाँ उन्हें जन्नत अता फरमाए।","‎सर, ____ यहाँ? सब खैरियत?","‎सर, आप यहाँ? सब खैरियत?",आप
IndicDialogue,Ginny Weds Sunny,1956951114,357,"‎♪ तेरे जैसों को कभी मैं ज़रा भी भाव नहीं देती ♪
‎♪ मेरा दिल क्या तुझको तो ऑटोग्राफ़ नहीं देती ♪
‎♪ ले तेरी हो गई लोल ♪
‎♪ नहीं आऊँगी मैं तेरे साथ ♪
‎♪ तू मेरे मुँह नहीं लगना ♪",‎♪ कि मुझे समझना ____ अल्कोहल ♪,‎♪ कि मुझे समझना तू अल्कोहल ♪,तू
IndicDialogue,Shehzada,1958077493,894,"वो वाल्मीकि है।
आप मेरे बाबा को जानती हैं?
वाल्मीकि तुम्हारे पिता नहीं हैं।
रणदीप।
रणदीप तुम्हारे पिता हैं।",____ क्या कह रही हो मुझे कुछ समझ नहीं आ रहा है।,आप क्या कह रही हो मुझे कुछ समझ नहीं आ रहा है।,आप
IndicDialogue,Tu Jhoothi Main Makkaar,1958103212,348,"या तुम ही वन-साइडेड ख्याल रखती हो इसका?
क्योंकि मैंने आज तक देखा नहीं इसे तुम्हारा ख्याल रखते।
मतलब, मैंने देखा है इसे फ़ोन पर बात करते-करते
""ओके-बाय"" बोल के फ़ोन रखते हुए।
मेरे साथ करता है तो मुझे ही गुस्सा आ जाता है।",पर ____ गुस्सा भी नहीं करती।,पर तुम गुस्सा भी नहीं करती।,तुम
IndicDialogue,Shehzada,1958077493,1991,"और जो मेरे अपनों की हिफ़ाजत करे,
मेरी फैमिली की रक्षा करे,
वो मेरे बेटे से कम नहीं।
थैंक यू, बंटी।
मैंने सही किया ना?",____ हमेशा सही करती हो।,तुम हमेशा सही करती हो।,तुम
IndicDialogue,Lust Stories 2,1958186552,817," समझ रहा नहीं, सुन रहा हूँ।
- बड... - पापा, आप कब आ रहे हो?
 जल्दी, जल्दी, बडी।
अच्छा मम्मा से बात कराओ ज़रा।
ओके, पापा।",क्या ____ बाप की प्रॉब्लम क्या है?,क्या तुम्हारे बाप की प्रॉब्लम क्या है?,तुम्हारे
IndicDialogue,The Great Indian Family,1958355201,491,"हम तो कह रहे थे जसमीत जी को ये पैसे दे दो...
मूर्खता मत करो।
आप जो कहेंगे करने को तैयार हैं हम।
फ़्लर्ट तो बिल्कुल मत करना।
तुम्हें सूट नहीं करता।",और यह मत समझना कि मैंने ____ माफ़ कर दिया है। अभी तुम्हारा काम ख़त्म नहीं हुआ है।,और यह मत समझना कि मैंने तुम्हें माफ़ कर दिया है। अभी तुम्हारा काम ख़त्म नहीं हुआ है।,तुम्हें
IndicDialogue,Jaadugar,1957742927,1770,"और… मुबारक हो!
फ़ाइनल तक पहुँच कर, तूने तेरा पहला जादू भी पूरा कर लिया।
पर अब…
दूसरे जादू की बारी है।
गुरु जी, आप… एक मिनट बैठिए, आप। प्लीज़ आप।",गुरु जी ____ पता है दो महीने फुटबॉल खेलने से बदतर क्या है?,गुरु जी आपको पता है दो महीने फुटबॉल खेलने से बदतर क्या है?,आपको
IndicDialogue,The Great Indian Family,1958355201,733,"आप बस ये चिट्ठी पंडितजी तक पहुँच जरूर दीजिएगा।
जी जरूर। आप निश्चिंत रहिये।
प्रणाम।
स्वाद लेके पढ़ना ताकि कचौरी की मौज और बढ़ जाए।
- श्रीमान पंडितजी, नमस्कार। - नमस्कार।",मैं ____ कई दिनों से लिख रहा हूं लेकिन उसका कोई उत्तर नहीं मिला।,मैं आपको कई दिनों से लिख रहा हूं लेकिन उसका कोई उत्तर नहीं मिला।,आपको
IndicDialogue,Axone,1956818787,1256,"मैंने कभी नहीं सोचा था यह कमरा इतना सुंदर दिखेगा!
बेन्दांग!
-  क्या हुआ? -  मैं वापस जा रही हूँ।
-  मतलब? - बेन्दांग और मैं वापस जा रहे हैं।
हम दिल्ली छोड़ रहे हैं।",मैं ____ लिए बहुत खुश हूँ यार!,मैं तुम्हारे लिए बहुत खुश हूँ यार!,तुम्हारे
IndicDialogue,Tu Jhoothi Main Makkaar,1958103212,1356,"यार, ये सर्विलियेंस कराने राज़ी है पर बात करने को राज़ी नहीं है?
प्लैटिनम पैकेज लिया है, दो लाख खर्च करने राज़ी है।
पर बात करने राज़ी नहीं है?
साले, तुझे जब कॉल आया तो आवाज़ नहीं पहचान आई?
तुझे तो इसी बात पर कूद जाना चहिए","कि ____ अपनी होने वाली बीवी, जो होना नहीं चाहती,","कि तू अपनी होने वाली बीवी, जो होना नहीं चाहती,",तू
IndicDialogue,Shehzada,1958077493,1982,"बंटू,
तुम वो सच हो जो मुझे पसंद नहीं।
क्योंकि तुम मेरे बेटे से बेहतर हो।
हम औरतें एक अजनबी को अपना पति तो मान लेती हैं।
लेकिन औलाद सिर्फ उसे मानते हैं जिसको हमने जन्म दिया हो।",आज जब ____,आज जब तुम,तुम
IndicDialogue,Tu Jhoothi Main Makkaar,1958103212,639,"वो समझ जाएगा।
चल न। एकदम अच्छी ड्राइव है।
मज़े करेंगे।
मैं नहीं चल रहा।
तू गाड़ी चलवाएगी और फिर कंधे पर सर रख के सो जाएगी।","मैं ड्राइव करूँगी, ____ बैठना आराम से।","मैं ड्राइव करूँगी, तू बैठना आराम से।",तू
IndicDialogue,The White Tiger,1957077990,914,"‏-यहाँ आओ। ‏-मैडम, मुझे माफ़ कर दीजिए। अब नहीं करूँगा।
‏-कोई बात नहीं। बैठो। ‏-मैं पान खाना छोड़ दूँगा, मैडम।
‏नहीं। मैं तुमसे यह नहीं… तुम बैठ जाओ।
‏जैसे तुम हमारे लिए काम करते हो, ‏मुझे वह गलत लगता है।
‏तुम्हें अपनी पढ़ाई पूरी करनी चाहिए, ‏अपना परिवार बसाना चाहिए।",‏अशोक साहब और ____ मेरा परिवार हैं।,‏अशोक साहब और आप मेरा परिवार हैं।,आप
IndicDialogue,Good Newwz,1956816836,1803,"ये आपकी नौकरी के चक्कर में मेरे बच्चे को कुछ हो गया ना
तो मैं ना सबकी बैंड बजा दूँगा।
ओ तू है कौन; बैंड बजाने वाला?
तेरी जोकरी सह लेता हूँ इसका ये मतलब नहीं कि तू कुछ भी बोलता चला जाए।
-सर प्लीज़। -हैं?","-सर और भी ग्राहक हैं यहाँ पर। -अरे ____ जा, बड़ा आया ग्राहक वाला।","-सर और भी ग्राहक हैं यहाँ पर। -अरे तू जा, बड़ा आया ग्राहक वाला।",तू
IndicDialogue,Darlings,1957768015,196,"‎-दे न! ‎-हाँ।
‎-बैठो न, भाई। ‎-नहीं-नहीं, खेलो!
‎-खाते में! ‎- हाँ।
‎खाते में तो लिख लेंगे हमज़ा भाई, ‎लेकिन कल से इसका ज़रूरत नहीं पड़ेंगा।
‎काहे को बे?","‎वो इधर, किधर तो भी ‎सुना मैं, ____ दारू छोड़ रे ले।","‎वो इधर, किधर तो भी ‎सुना मैं, आप दारू छोड़ रे ले।",आप
IndicDialogue,Indoo Ki Jawani,1957132233,1541,"मैडम, अपने देश में झाँक कर देखो फिर दूसरे देश को गाली देना।
अब बोलने पर आया तो मैं भी बहुत कुछ बोल सकता हूँ पर लड़ना नहीं है मुझे फालतू में।
तुम कुछ बोलोगी, मैं भी बोलूँगा और ये भी बोलेगा।
-चलता रहेगा। -ठीक है।
ना तुम्हारी ना मेरी।",____ बता चिकन बिरयानी! कौन सा देश अच्छा है?,तू बता चिकन बिरयानी! कौन सा देश अच्छा है?,तू
IndicDialogue,Lust Stories 2,1958186552,458,"क्या दीदी? कितनी बार याद दिलाना पड़ेगा आपको, हाँ?
मेरा कल लेट हो गया था, दीदी, काम पे।
अरे तो लेट हो गया तो परसों भी लेट हो गया था।
फव्वारे जैसे फुर्र-फुर्र कर रहा है।
कल बर्तन करते-करते पूरा नहा ली मैं।","- अच्छा, वॉचमैन ने बोला था... - दीदी, कल ____...","- अच्छा, वॉचमैन ने बोला था... - दीदी, कल आपने...",आपने
IndicDialogue,Tu Jhoothi Main Makkaar,1958103212,1769,"वो भी सीए है पर उन्हें अक्ल है।
तू कैसी दकियानूसी बातें कर रहा है।
मैं दकियानूसी बातें कर रहा हूँ?
तू अगर बैंगलोर में रहने वाली है और मैं दिल्ली में...
सुन, मुझे तुझसे बहस नहीं करनी है।","____ बस ये बोल, तू ये ऑफ़र रिजेक्ट कर रही है या नहीं?","तू बस ये बोल, तू ये ऑफ़र रिजेक्ट कर रही है या नहीं?",तू
IndicDialogue,Shehzada,1958077493,1198,"बाकी अमीरों से भी मिलना है।
जिंदल साहब के साथ ग्रीन टी पीनी है।
मैं बिज़ी हूँ, वाल्मीकि। दफ़ा हो जाओ!
कमीना।
भरोसा ही नहीं होता कि ये सब मेरा है।",____ जानता है मैं सीधा आदमी हूँ।,तू जानता है मैं सीधा आदमी हूँ।,तू
IndicDialogue,Ginny Weds Sunny,1956951114,546,"‎मेरे लिए मीठी वाली चटनी और आलू डालना।
‎हैलो।
‎-हाई। ‎-हाई।
‎मेरी दोस्त प्रेरणा। ये सन्नी।
‎हाई, सतनाम।",‎____ देखा है मैंने पहले कहीं।,‎आपको देखा है मैंने पहले कहीं।,आपको
IndicDialogue,Guilty,1956804853,292,"‎क्या बकवास है!
‎पता है, देखा जाए तो द्रौपदी वह पहली ‎भारतीय महिला थी जिसने मीटू की शुरुआत की
‎और इंसाफ़ की माँग की।
‎क्या? तो फिर सीता का क्या?
‎रावण ने सभ्यता से पूछा।","‎-उसने उसके साथ ज़बरदस्ती नहीं की। ‎-तो ____ कह रही हो, अपहरण ग़लत नहीं है।","‎-उसने उसके साथ ज़बरदस्ती नहीं की। ‎-तो तुम कह रही हो, अपहरण ग़लत नहीं है।",तुम
IndicDialogue,Indoo Ki Jawani,1957132233,1370,"मैंने नहीं बुलाया इसे यहाँ पे।
अच्छा जी!
तू तो बड़ी सावित्री बनी है।
अब ताला तोड़ के तो तेरे घर घुस कर नहीं आया होगा।
दरवाज़ा तो तूने ही खोला होगा?","____ चुप क्यों खड़ा है, कुछ बोल क्यों नहीं रहा?","तू चुप क्यों खड़ा है, कुछ बोल क्यों नहीं रहा?",तू
IndicDialogue,Hit the First Case,1957795759,1139,"उससे मिलना है कि नहीं दोबारा?
मिलना है ना?
कहाँ हैं दोनों?
मैं अपनी बच्ची की कसम खाती हूँ, सर।
मुझे नहीं पता।",____ अटेन्शन चाहिए ना?,तुम्हें अटेन्शन चाहिए ना?,तुम्हें
IndicDialogue,Hit the First Case,1957795759,1750,"हाँ, बोलो?
ये लगा बीच वाले पे।
प्रीति।
इधर आ जाना, यार।
प्रीति सरस्वती मैडम के अनाथालय से?","हाँ, पर ____ कैसे जानती हो?","हाँ, पर तुम कैसे जानती हो?",तुम
IndicDialogue,Tu Jhoothi Main Makkaar,1958103212,2378,"वो होते न तो बिना पासपोर्ट के ही घुस जाते।
- उनकी बहुत जान-पहचान थी। -होल्ड। आप कहाँ जा रही हो?
जूते पहनने जा रही हूँ।
भागना भी है फिर।
स्वीटू, जूते ला, बिग नानी के।","चलो यार। बहुत स्लो हो ____ लोग। चलो, चलो।","चलो यार। बहुत स्लो हो तुम लोग। चलो, चलो।",तुम
IndicDialogue,Lust Stories 2,1958186552,976,"पता नहीं।
उस दिन मैं बहुत डर गई थी और...
मैंने सोचा कि मैं तुम्हें कॉल करूँ।
मेरे पति...
कोई तुम्हें मारना नहीं चाहता।",____ ऐसा सोच भी कैसे सकती हो?,तुम ऐसा सोच भी कैसे सकती हो?,तुम
IndicDialogue,Good Newwz,1956816836,327,"तीन बार फ़ोन कर चुकी हैं। आप फ़ोन नहीं उठा रहे।
उधर कोने में खड़ी हैं। उधर।
-हाँ, मैं वही जा रही हूँ। -हाँ, मिल आइए।
तू ना मुझे बता देना, ठीक है?
यार कसम से, अब किसी ने मुझसे बच्चे की बात की ना तो मैं उसे मार दूँगी।","मैडम, ____ बेबी कॉर्न चाहिए?","मैडम, आपको बेबी कॉर्न चाहिए?",आपको
IndicDialogue,Tu Jhoothi Main Makkaar,1958103212,1214,"उसके पैसे लेते हैं हम।
बाकी आप सोच लीजिए।
प्लैटिनम के नीचे भी पैकेज हैं।
प्लैटिनम ही चाहिए।
तो, कल आपसे डीटेल्स डिस्कस कर लूँगा।",और फिर ____ एडवांस ट्रांसफ़र कर दीजिएगा।,और फिर आप एडवांस ट्रांसफ़र कर दीजिएगा।,आप
IndicDialogue,Shehzada,1958077493,874,"तुम…
तुम्हारे पिता…
अफ़सोस, वो मेरे पिता नहीं हैं।
वो मेरे बाबा हैं।
वहाँ।",-कहिए। -वो ____ पिता नहीं…,-कहिए। -वो तुम्हारे पिता नहीं…,तुम्हारे
IndicDialogue,Good Newwz,1956816836,1480,"ये हमारा गुसलखाना है। बाईं ओर स्वीच है। चालू कर लीजिए।
और किसी भी चीज़ की ज़रूरत हो तो
पुकार लीजिएगा।
हे-हे-हे।
ओह, ले। भाभी जी।",____ लिए पिन्नियाँ।,आपके लिए पिन्नियाँ।,आपके
IndicDialogue,Jaadugar,1957742927,1845,"खैर…
चलती हूँ।
आज सपने में… कल, ग्राउंड पे मिलती हूँ।
दिशा…
मैं… मैं बुरा आदमी नहीं हूँ यार।",कल के बाद हो सकता है ____…,कल के बाद हो सकता है तुझे…,तुझे
IndicDialogue,Axone,1956818787,673,"चार साल हो गए रिश्ता टूटे। तुमने अभी तक उसे माफ नहीं किया?
मिनम से मुझे कोई समस्या नहीं है। ठीक है?
तुम और मिनम दोस्त हो।
-  मैंने कभी शिकायत की? -  हाँ, करते हो।
क्योंकि जब भी हमारा झगड़ा होता है तुम उसके पास जाती हो सलाह माँगने।",-  ____ ऐसा कैसे कर सकती हो? -  हमेशा नहीं जाती।,-  तुम ऐसा कैसे कर सकती हो? -  हमेशा नहीं जाती।,तुम
IndicDialogue,Shehzada,1958077493,757,"बस मैम नहीं।
थोड़ा टाइम लगेगा, मैम।
थोड़ा टाइम लगेगा…
बू बू।
♪ इश्क में तूने जाने क्या ऐसी चीज़ पिला दी ♪",♪ ले चल जहाँ ले जाना है ____ है आज़ादी ♪,♪ ले चल जहाँ ले जाना है तुझको है आज़ादी ♪,तुझको
IndicDialogue,Madam Chief Minister,1957179704,1052,"हमारे पार्टी के सभी विधायकों को सीएम उठाकर ले गई।
उठा ले गई मतलब?
अरे मतलब तारा हमारे सभी विधायकों का अपहरण करके ले गई भाईसाहब।
-कहाँ ले गई? -शासकीय अतिथि गृह।
और सुना है, कल सुबह गवर्नर के सामने परेड कराएगी अपने समर्थन में।",पार्टी तोड़ दी ____ भाईसाहब उसने।,पार्टी तोड़ दी आपकी भाईसाहब उसने।,आपकी
IndicDialogue,Jaadugar,1957742927,1135,"उसी के लिए तो कर रहा हूँ ये सब।
बोल देना गुरु जी और होने वाले ससुर जी को,
बेटी का हाथ मिले ना मिले…
बेटी की मुस्कान तो लेके रहूँगा।
मीनू हॉस्पिटल में है।",____ उसे सीधा ही मना कर दो ना। ये सब करवाने की क्या ज़रूरत है?,आप उसे सीधा ही मना कर दो ना। ये सब करवाने की क्या ज़रूरत है?,आप
IndicDialogue,Axone,1956818787,360,"सवाल यह है कि मिनम को कैसे पसंद है?
मैंने कहा था तुमसे कि ज़ोरेम ने जो बोला उसे लिख लेना।
मुझे पता है कैसे बनाना है, ठीक है?
नहीं, तुम्हें नहीं पता।
इसलिए मैंने कहा था कि, ""ज़ोरेम को बनाने दो।""",लेकिन नहीं ____ खुद बनाना था,लेकिन नहीं तुम्हें खुद बनाना था,तुम्हें
IndicDialogue,Jaadugar,1957742927,769,"पर आज, दिल से बोल रहा हूँ।
आई लव यू।
और ऐसा नहीं है कि तू मेरा पहला प्यार है।
प्यार तो पहले भी कई हुए हैं।
पर… ऐसा नहीं हुआ।","____ जब शाम को मिलने बुलाती है,","तू जब शाम को मिलने बुलाती है,",तू
IndicDialogue,Indoo Ki Jawani,1957132233,1963,"आ जाओ बाहर।
जा रहे थे।
मैं वापस आऊँगा अगर मुझे और जानकारी चाहिए, ठीक है?
मैं अब जा रहा हूँ।
- शुक्रिया, सर। - शुक्रिया, सर।",दरअसल… क्या ____ ठीक हो?,दरअसल… क्या तुम ठीक हो?,तुम
IndicDialogue,Tu Jhoothi Main Makkaar,1958103212,304,"भाई, इतना प्यार मुझसे माँ का हैंडल नहीं होता
ये तो उससे भी एक्स्ट्रा है, भाई। मैं नहीं कर पाऊँगा।
तू पागल है क्या?
अगले हफ़्ते बैचलर्स के लिए जा रहे हैं
भाई, मैं नहीं कर पाऊँगा, भाई!",-____ चू... - चलो।,-तू चू... - चलो।,तू
IndicDialogue,Jaane Jaan,1958289341,801,"जिसने आपको ये तस्वीर दी है न,
आप उनसे पूछ सकते हो।
म्म-हम्म।
अह।
माफ़ कीजियेगा।",मुझे ____ फिर भी पूछना पड़ेगा कि,मुझे आपसे फिर भी पूछना पड़ेगा कि,आपसे
IndicDialogue,Hit the First Case,1957795759,192,"पर अगर किसी को बताऊँगा ना…
वो सिर्फ तुम ही हो।
ठीक है।
जब तुम्हें ठीक लगे।
मैं तुम्हें फोर्स नहीं कर रही हूँ।","जब ____ ठीक लगे, बता देना।","जब तुम्हें ठीक लगे, बता देना।",तुम्हें
IndicDialogue,Haseen Dillruba,1957295757,1589,"‎ रिशू भैया! दरवाज़ा बंद कर दो।
‎ फिर मुझे रुहिना दिखी।
‎खीर बनाऊँगी शाम को। आपके घर भिजवाती हूँ।
‎- अरे वाह। ‎- बस उसके बाद मैं रिक्शे में बैठ गई।
‎जिस कसाई से रान लिया था, ‎उससे मेरी बहस हो गई थी।",‎____ चाकू में ज़ंग लगा है।,‎आपके चाकू में ज़ंग लगा है।,आपके
IndicDialogue,Guilty,1956804853,1372,"‎मुझे छोड़ दो, यार! मैंने कुछ नहीं किया है, यार!
‎तुम लोगों को क्या चाहिए?
‎आप लोगों को कुछ चाहिए क्या, यार? ‎मैंने कुछ नहीं किया है!
‎मादरचोद, तुझे क्या लगा तू बच जाएगा?
‎तेरा जन्मदिन है, केपी मेहता।","‎साले, ____ लगा हम पार्टी नहीं करेंगे?","‎साले, तुझे लगा हम पार्टी नहीं करेंगे?",तुझे
IndicDialogue,Indoo Ki Jawani,1957132233,917,"हाँ, मम्मी?
हाँ बेटा, कैसी है?
सब ठीक है ना?
हाँ बस अभी सोने जा रही थी।
चल तू सो जा, मेरी तो नींद उड़ गई है।",____ तो पता है मौसी का घर छोटा है। कमरे कम हैं।,तुम्हें तो पता है मौसी का घर छोटा है। कमरे कम हैं।,तुम्हें
IndicDialogue,Jaane Jaan,1958289341,1648,"मैं कह रहा हूँ, खून उसने किया है,
लाश को ठिकाने लगाने का काम किसी और को दिया है।
किसको?
कोई सबूत है हमारे पास? तुम्हारे पास कुछ है?
कुछ नहीं है हमारे पास।","____ फालतू में, मिसेज़ डिसूज़ा को बदनाम कर रहे हो।","आप फालतू में, मिसेज़ डिसूज़ा को बदनाम कर रहे हो।",आप
IndicDialogue,Good Newwz,1956816836,1322,"और तुम लोग बहुत घटिया हो, यार।
मैं तो अब भी कह रहा हूँ, वो मिठाई के डिब्बे में आरडीएक्स है।
ये सब क्या था, वरुण?
क्या था मतलब?
हम टीम हैं। टीम की एकता दिखा रहा था उनको।","____ चाहते हो इस बच्चे को नौ महीने पेट में रखूँ, दर्द सहूँ, डिलिवर करूँ और फिर...","तुम चाहते हो इस बच्चे को नौ महीने पेट में रखूँ, दर्द सहूँ, डिलिवर करूँ और फिर...",तुम
IndicDialogue,Jaane Jaan,1958289341,1748,"वो खुद मुझे बताती थी, छुपके।
बनती ऐसे थी जैसे अपनी बेटी से बात कर रही हो, लेकिन असल में अपने दिल की बात मुझे बताती थी।
मुझे पता भी नहीं था।
तारा मेरी बेस्ट फ्रेंड है,
मैं उसे सब कुछ बताती हूँ।","तो इस तरह ____, मिसेज़ डिसूज़ा के बारे में सब कुछ पता चलता था ?","तो इस तरह तुम्हें, मिसेज़ डिसूज़ा के बारे में सब कुछ पता चलता था ?",तुम्हें
IndicDialogue,Axone,1956818787,926,"- हैलो मिनम! - हैलो।
मैं तुम्हें बाद में कॉल करती हूँ।
-  नहीं, तुम लोग हो कहाँ? - हाँ?
यहाँ कोई नहीं है।
तुम यहाँ नहीं हो। चांबी नहीं है। चल क्या रहा है?","और मैंने सोचा, तुमने कहा था कि ____ घर सजाने में व्यस्त थी,","और मैंने सोचा, तुमने कहा था कि तुम घर सजाने में व्यस्त थी,",तुम
IndicDialogue,Hit the First Case,1957795759,1262,"डॉक्टर, एक सेकंड। शीला, नेहा कहाँ है?
शीला! शीला, नेहा कहाँ है, शीला?
शीला, प्लीज़! शीला, नेहा कहाँ है?
-नेहा कहाँ है? -विक्रम!
नेहा।",____ पागल हो गया है क्या?,तू पागल हो गया है क्या?,तू
IndicDialogue,Jaane Jaan,1958289341,401,"अंजान आदमी
मतलब डर
मतलब कॉकरोच।
इसलिए,
अंजान आदमी मतलब कॉकरोच।",और ____ ही ने कहा कि आपने कॉकरोच को मार दिया है।,और आप ही ने कहा कि आपने कॉकरोच को मार दिया है।,आप
IndicDialogue,Dhamaka,1957450323,1107,"‪मैं समझ सकता हूँ आप पुलिस पर भरोसा नहीं ‪करते, पर दिक्कत ये है कि आप जब लाइव जाएंगे
‪और अगर आपको कुछ हो जाता है,
‪तो इसका मतलब होगा आतंकवादी से हारना।
‪तो आप उसे कैसे पकडेंगे?
‪हमें कॉल ट्रेस करने में ‪थोड़ा समय लग जाएगा।",‪____ उसे कैसे पकडेंगे?,‪आप उसे कैसे पकडेंगे?,आप
IndicDialogue,Haseen Dillruba,1957295757,1348,"‎♪  मेरी लकीरें अब  ♪
‎♪  है तेरे हाथों में  ♪
‎♪  बन जाऊँ साया तेरा  ♪
‎♪  मुस्कुराने  ♪
‎♪  का बहाना  ♪",‎♪  दे दूँ ____ नया-नया  ♪,‎♪  दे दूँ तुझे नया-नया  ♪,तुझे
IndicDialogue,Jaane Jaan,1958289341,170,"""कोई शक?""
ओ-हो-हो। बहुत अच्छे!
बहुत अच्छे।
ये थोड़ा कम कर न!
क्या चाहिए?",____ और…,आपका और…,आपका
IndicDialogue,Guilty,1956804853,212,"‎हम क्या बकलोल दिखते हैं तुमको? हां?
‎ओपनिंग ऐक्ट हम कर रहे हैं।
‎-तुम प्रैक्टिस करके क्या उखाड़ लोगे? ‎-हां, बता।
‎-हटो यहां से। ‎-बकलोल दिखती है?
‎वीजे, आसिफ़ शेख़ ना फ़ाडू लिरिसिस्ट ढूंढ रहा है।",‎और ____ बेटर गानें पूरे डीयू में कोई नहीं लिखता।,‎और तुमसे बेटर गानें पूरे डीयू में कोई नहीं लिखता।,तुमसे
IndicDialogue,Hit the First Case,1957795759,1275,"बैठ जा।
जस्टिस राठौर की परमिशन लाओ, या चीफ जस्टिस ऑफ इंडिया की,
मैं नहीं आने वाला दोबारा नार्को के लिए।
बेवकूफ कहीं के।
गुंडे भर्ती कर रखे हैं डिपार्टमेंट ने।",उसे ____ पूछना चाहिए था। अब आपको उससे बात करनी चाहिए।,उसे आपसे पूछना चाहिए था। अब आपको उससे बात करनी चाहिए।,आपसे
IndicDialogue,Axone,1956818787,1140,"तो मैं क्या करूँ किटी पार्टी में जा रही
- इधर-उधर से भी निकल सकती थी? - पीछे जा अपनी छत लेकर!
पौधों को लेकर पीछे जा!
-  छत को धक्का दे दो। पीछे कर दो! -
अभी तू क्यों पापा की चिंता करता है!",पापा को मैं देखता हूँ। ऐसा मक्खन लगाऊँगा ना ____ देख अभी!,पापा को मैं देखता हूँ। ऐसा मक्खन लगाऊँगा ना तू देख अभी!,तू
IndicDialogue,Shehzada,1958077493,1238,"मैं ऐसे लोगों के मुँह नहीं लगता।
मैं तो लग सकता हूँ ना।
मतलब?
चलो, चल के बात करते हैं उससे।
चलें क्या?",____ ही ने तो कहा था घूमना है?,आप ही ने तो कहा था घूमना है?,आप
IndicDialogue,Ginny Weds Sunny,1956951114,1728,"‎हम्म।
‎ठीक है।
‎अच्छा चल,
‎अब तू मुझसे माफ़ी माँग।
‎मैं ठीक थी और तू गलत।",‎कैसे हो ____?,‎कैसे हो आप?,आप
IndicDialogue,Jaane Jaan,1958289341,662,"लेकिन आप लैंडलाइन पे क्यों फ़ोन कर रहे हैं?
कोई परेशानी है?
नहीं।
पर हो सकती है।
-वो आपका दोस्त? -जी।",आज ____ पीछा करते हुए आपके घर तक आया था।,आज आपका पीछा करते हुए आपके घर तक आया था।,आपका
IndicDialogue,Tu Jhoothi Main Makkaar,1958103212,1572,"कोई श्राप लगा है जैसे ज़िंदगी भर अकेले रहने का।
क्या कमी है मुझमें, मिक्की?
नहीं, आन्या, ये गलत है।
तुम बहुत प्यारी हो।
तुम देखना,","एक दिन ____ मुझसे भी अच्छा लड़का मिलेगा,","एक दिन तुम्हें मुझसे भी अच्छा लड़का मिलेगा,",तुम्हें
IndicDialogue,Jaadugar,1957742927,961,"ठीक है?
दिशा के यहाँ जाना है। चाबी दे।
दिशा।
मैं सिर्फ ""आई लव यू"" बोलने वालों में से नहीं हूँ।
मीनू, तू यहाँ-- मीनू मैं सिर्फ तुझे समझा रही थी।","तेरा रजिस्ट्रेशन है, ____ जा यहाँ से।","तेरा रजिस्ट्रेशन है, तू जा यहाँ से।",तू
IndicDialogue,Good Newwz,1956816836,218,"-मेरे इंस्टाग्राम पर बाढ़ आ जाएगी। -हा-हा-हा
माफ़ कीजिए।
-आप यहाँ बैठ जाएँ। - हम ठीक हैं।
ये मेरी पत्नी हैं।
तो फिर आप मेरी सीट पर बैठ जाएँ।",माफ़ कीजिए। ____ क्या कर रहे हैं?,माफ़ कीजिए। आप क्या कर रहे हैं?,आप
IndicDialogue,Indoo Ki Jawani,1957132233,1950,"-लेकिन हम उसके लिए यहाँ हैं। -हम सुरक्षा करेंगे…
-जाइए आप! -हम…
चौटाला इन्हें यहाँ से बाहर निकालो।
-लेकिन हम उसके लिए यहाँ हैं। -हम सुरक्षा करेंगे…
-चौटाला। -घर जाओ और अपनी हड्डियों को आराम दो।","-____ माँ इंतज़ार कर रही होंगी, घर जाओ। -ठीक है।","-तुम्हारी माँ इंतज़ार कर रही होंगी, घर जाओ। -ठीक है।",तुम्हारी
IndicDialogue,Darlings,1957768015,871,"‎आपको पोनी पसंद नहीं है न, इसलिए बाँधा है।
‎रमन काका मिले थे। ‎कह रहे थे कि बिल्डर ने कहा
‎अगर सारी सोसायटी के लोग नहीं माने ‎तो बिल्डिंग का रीडेवलपमेंट नहीं होएगा।
‎मैंने कहा कैसे नहीं होएगा? ‎हमज़ा तो मान गए।
‎-दस्तख़त करो। ‎-हाथ खोल, साली, नहीं तो जान से जाएगी।",‎-दस्तख़त करो। ‎-सुन नहीं रही ____?,‎-दस्तख़त करो। ‎-सुन नहीं रही तू?,तू
IndicDialogue,Jaane Jaan,1958289341,1210,"मिसेज़ डिसूज़ा…
-ज्यादा तीखा  तो नहीं है? -नहीं।
अजीत को मारने कोई कलिम्पोंग क्यों आएगा?
आपका काम भी मैं करूँ?
हम्म। आपको जाना है।","मैं बस, ये कहने के लिए ____ पास आया…","मैं बस, ये कहने के लिए आपके पास आया…",आपके
IndicDialogue,Indoo Ki Jawani,1957132233,1682,"इसे भी अंग्रेज़ी आती है।
तुझे क्या लगा तू अंग्रेज़ी में बोलेगा तो इसे नहीं समझेगा।
तू चाहे जो भी कर ले, मैं तेरे मंसूबों को कामयाब होने नहीं दूँगी।
मंसूबे?
मेरे क्या मंसूबे हैं?",दोस्ती का नाटक करके ____ इंडिया में अपना झंडा गाड़ना चाहता है।,दोस्ती का नाटक करके तू इंडिया में अपना झंडा गाड़ना चाहता है।,तू
IndicDialogue,Tu Jhoothi Main Makkaar,1958103212,1741,"मुझसे पूछना था,
मुझे ओके है या नहीं?
बैंगलोर में जॉब लेने के लिए बैंगलोर जाना पड़ेगा न।
उसके लिए बैंगलोर में रहना पड़ेगा।
और हम अभी दिल्ली में रहते हैं।",तो अगर ____ बैंगलोर में जॉब लेगी,तो अगर तू बैंगलोर में जॉब लेगी,तू
IndicDialogue,Dhamaka,1957450323,787,"‪जैसा मैं बोलता हूँ ठीक ‪वैसा करते रहिएगा। हाँ?
‪और अब से टैरर या टैररिस्ट ‪शब्द इस्तेमाल मत करना।
‪ वो भड़क सकता है।
‪बंधकों का फुटेज दिखाओ।
{\an8}‪अ, रघुबीर जी, अगर आप ‪ये फुटेज देख पा रहे हैं,",‪तो ____ दिख रहा होगा ‪कि यहाँ पे दस से ज़्यादा लोग फंसे हुए हैं।,‪तो आपको दिख रहा होगा ‪कि यहाँ पे दस से ज़्यादा लोग फंसे हुए हैं।,आपको
IndicDialogue,Ginny Weds Sunny,1956951114,267,"‎ आ गया तू?
‎लो, मैं दो घंटे खड़ा होके ‎काम करवाके लाया हूँ सर पे उसके।
‎-चल दिखा। ‎-देखो। लो, लो-लो। मज़ाक है कोई।
‎शुक्रिया बेटा।
‎आंटी, शुक्रिया  बोल के आप छोटा महसूस कराते हो।",‎-मैं ____ अपना नहीं हूँ? ‎-हाँ हाँ।,‎-मैं आपका अपना नहीं हूँ? ‎-हाँ हाँ।,आपका
IndicDialogue,Madam Chief Minister,1957179704,1378,"-काम की बात कीजिए कुशवाहा जी। -दिल्ली में राष्ट्रपति से मिलकर आ रहे हैं।
एक दो दिन में सीबीआई जाँच का आदेश होने ही वाला है।
आप तो अच्छी तरह जानते हैं कि हमारी पार्टी कैसे टूटी और इन्दु का क्या हुआ।
ऐसे कायदे से तो जाँच आपकी भी होनी चाहिए खान साहब।
करवा लीजिए ना।",-किसने रोका है ____? -एक मिनट।,-किसने रोका है आपको? -एक मिनट।,आपको
IndicDialogue,Indoo Ki Jawani,1957132233,985,"आप प्लीज़ बैठ जाइये।
मेरे कहने का वो मतलब नहीं है।
खाना खाकर जाइए।
सॉरी।
हैप्पी टी स्टॉल","____ पागल है, इंदू।","तू पागल है, इंदू।",तू
IndicDialogue,Indoo Ki Jawani,1957132233,1169,"पहले पता होता कि तुम्हारी सोच इतनी घटिया है और इतना शक करती हो।
मैं तुम्हारे घर में कदम नहीं रखता।
अनपढ़ गंवार।
नहीं, ऐसे मत देखो मुझे।
बेकार में इतना उत्साहित था मैं।","पता है, ____ बात करने के बाद, मैंने पाकिस्तान में एक दोस्त को फ़ोन करके बताया।","पता है, तुमसे बात करने के बाद, मैंने पाकिस्तान में एक दोस्त को फ़ोन करके बताया।",तुमसे
IndicDialogue,Guilty,1956804853,58,"‎-टैब में डाल दे, भाई। शुक्रिया। ‎-बस बता रही हूँ।
‎-ऐ, नानकी! सुट्टा, सुट्टा! ‎-हम जैम कर रहे हैं ना?
‎- ताशी, तू पता है क्या है? ‎- क्या?
‎ तू वीजे का टट्टा है।
‎वो भी लेफ़्ट वाला।","‎ अगर मैं वीजे का टट्टा हूँ, ____ मेरा वाला है।","‎ अगर मैं वीजे का टट्टा हूँ, तू मेरा वाला है।",तू
IndicDialogue,The White Tiger,1957077990,106,"‏जो एक पीढ़ी में ‏सिर्फ़ एक बार पैदा होता है?
‏द व्हाइट टायगर।
‏और तुम वही हो। द व्हाइट टायगर।
‏मैं तुम्हें यहाँ से दूर, ‏हमारी महान राजधानी, दिल्ली के
‏किसी स्कूल का वज़ीफ़ा दिलाऊँगा।","‏-बाबा, ____ पता है इसे क्या कहते हैं? ‏-क्या कहते हैं?","‏-बाबा, आपको पता है इसे क्या कहते हैं? ‏-क्या कहते हैं?",आपको
IndicDialogue,Lust Stories 2,1958186552,444," सामी, मैं नहीं कर सकती।
मैं अभी ये चीज़ नहीं संभाल सकती।
और मेरा... मेरा दिमाग फट रहा है।
सुन, तू अंदर जा, नहीं तो मैं आ रही हूँ वहाँ। मुझे आना ही पड़ेगा।
वो सीमा! और किसके साथ?",____ लगता है उसका किसी के साथ चक्कर है?,तुझे लगता है उसका किसी के साथ चक्कर है?,तुझे
IndicDialogue,Indoo Ki Jawani,1957132233,1653,"तू निकल यहाँ से, इससे पहले मेरी बदनामी हो।
यहाँ से हिलूँगा नहीं जब तक तुम मुझे अंदर नहीं लेती।
हाँ, बस उसी चक्कर में वापस आया ना तू।
कैसे भी करके अंदर घुसना है तुझे।
मैं पागल नहीं हूँ। समझे?",मैं ____ अंदर आने नहीं दूँगी। निकल।,मैं तुझे अंदर आने नहीं दूँगी। निकल।,तुझे
IndicDialogue,Indoo Ki Jawani,1957132233,924,"चल ठीक है, रखती हूँ।
तू अपना ख्याल रखना, ठीक है?
हाँ मम्मी।
शुभ रात्री मम्मी।
-सॉरी। - कोई बात नहीं।","था तो नहीं, ____ भोलेपन ने पागल बना दिया।","था तो नहीं, तुम्हारे भोलेपन ने पागल बना दिया।",तुम्हारे
IndicDialogue,Shehzada,1958077493,1021,"तो गेम ओवर।
तो, थोड़ा, थोड़ा।
तुम्हें यहाँ कल होना चाहिए था।
कहाँ थे तुम?
किसी ने मुझे बुलाया ही नहीं।",____ बाप हॉस्पिटल में है।,तुम्हारा बाप हॉस्पिटल में है।,तुम्हारा
IndicDialogue,Jaane Jaan,1958289341,740,"उस दिन तो आपने कहा था, आप जानती नहीं हैं इन्हें।
हाँ।
मैं नहीं चाहती इसकी परछाई मुझपे, या मेरी बेटी पे पड़े।
मुझे इससे कोई लेना-देना नहीं है।
अब क्या किया है इसने?",____ आखिरी बार कब मिली इनसे?,आप आखिरी बार कब मिली इनसे?,आप
IndicDialogue,Madam Chief Minister,1957179704,652,"अभी तो तारा को बहुत दूर जाना है।
बहुत लंबा सफर है इसका।
सुंदर, जा बेटा, रिक्शा मंगा।
अरे दद्दा तुम कहाँ चले?
अरे भई अपने घर और कहाँ।","जनता ने ____ चुनके भेजा है ना,","जनता ने तुझे चुनके भेजा है ना,",तुझे
IndicDialogue,Indoo Ki Jawani,1957132233,965,"तुम्हें कैसे पता कि वो लड़की उसकी नई गर्लफ्रेंड है?
उसकी दोस्त, बहन, रिश्तेदार, कोई भी हो सकती है।
बिलकुल नहीं, वो उसकी दोस्त बहन या रिश्तेदार।
जिस तरीके से सतीश को पकड़ के बैठी थी,
कोई भी बता दे, लड़का लड़की में क्या चल रहा है।",अब ____ मुझे ज्ञान मत देना कि लड़की को बाइक पर चढ़ने से,अब तुम मुझे ज्ञान मत देना कि लड़की को बाइक पर चढ़ने से,तुम
IndicDialogue,Indoo Ki Jawani,1957132233,678,"चलो हटाओ एक तरफ।
अगर तुम्हें नहीं मिलना, कोई बात नहीं।
ज्यादा सोचेगी तो लड़का निकल जाएगा हाथ से।
निकलता है तो निकलने दे।
जल्दबाजी में गलत लड़के को नहीं बुलाना घर पे।",____ ना रहने दे इंदू।,तू ना रहने दे इंदू।,तू
IndicDialogue,Tu Jhoothi Main Makkaar,1958103212,919,"क्या हुआ?
वैसे तू खुद इतना समझदार है,
फिर भी एक बार याद दिलाना मेरा काम है।
पूरा बचपन तूने देखा है मुझे वेस्टर्न पहनते,
मैं अब अपनी मर्ज़ी से कुर्तियाँ पहनती हूँ,","-न तेरे... -क्या हो गया है ____ सबको, यार?","-न तेरे... -क्या हो गया है आप सबको, यार?",आप
IndicDialogue,Haseen Dillruba,1957295757,822,"‎♪  निकल जा तू  ♪
‎♪  कि मेरे दिल ने कहा मुझसे  ♪
‎चाय मिलेगी?
‎♪  फिसल जा तू  ♪
‎चाय पियोगे?",‎____ बनाओगी?,‎तुम बनाओगी?,तुम
IndicDialogue,Jaane Jaan,1958289341,1141,"मैंने अभी-अभी आपको देखा, पुलिस थाने के सामने।
अभी-अभी?
बड़ी दूर की नज़र है आपकी।
अभी मतलब, अभी कुछ देर पहले।
आप… शायद गुज़री थी न, पुलिस थाने के सामने से?",____ मेरा पीछा कर रहे हैं?,आप मेरा पीछा कर रहे हैं?,आप
IndicDialogue,Good Newwz,1956816836,1702,"भाईसाहब हमें यहाँ आए सात महीने हो गए।
कभी बैठकर आपके साथ आमने-सामने बात नहीं हुई।
तो मैंने सोचा बाहर ही बुला लेता हूँ आपको कहीं।
वो क्या है कि घर में तो दो मिनट में ही बाहर निकलो हो जाता है।
हे-हे-हे।",____ तो पता ही है जी। दूसरी बात ये है कि,आपको तो पता ही है जी। दूसरी बात ये है कि,आपको
IndicDialogue,Tu Jhoothi Main Makkaar,1958103212,655,"आई नो कि तू डर रहा है कि पराया देश, अनजान लड़की
पर मेरा भरोसा कर,
मैं हूँ न।
हाय!
कहाँ है तू?","कुत्ते की रोटी खा ले ____, कुत्ते की रोटी। तुझसे घटिया इंसान नहीं देखा मैंने।","कुत्ते की रोटी खा ले तू, कुत्ते की रोटी। तुझसे घटिया इंसान नहीं देखा मैंने।",तू
IndicDialogue,The White Tiger,1957077990,1762,"‏ नमस्कार, मेरा नाम अशोक शर्मा है।
‏मैं इस गाड़ी का मालिक हूँ। ‏इसकी ज़िम्मेदारी मेरी है, ड्राइवर की नहीं।
‏यह बहुत अफ़सोसनाक हादसा है, ‏पर बहुत देर हो चुकी है…
‏ मैंने अपने मालिकों से ‏अलग रास्ता अपनाया।
‏अब मैं भी रोशनी में रहता हूँ।","‏ मुझे ____ बेटे की ‏मौत का बहुत अफ़सोस है, आंटी।","‏ मुझे आपके बेटे की ‏मौत का बहुत अफ़सोस है, आंटी।",आपके
IndicDialogue,Darlings,1957768015,187,"‎फिर काली नीली पापड़ माफ़िक ‎थोबड़ा हो जाएँगा।
‎अदरक वाली चाय भी हलक से ‎उतरेंगा नहीं। दारू क्या घंटा पिएँगा?
‎-सुरक्षित है न? ‎-अरे, ज़्यादा चिंता मत करो।
‎थोड़ा तकलीफ़ होएगा, ‎लेकिन ज़िंदगी सुरक्षित रहेगा।
‎-हमज़ा भाई मान गए क्या? ‎-हाँ।","‎अच्छा, पर अभी ____ दोनों ‎नाके पर प्रचार मत करो।","‎अच्छा, पर अभी तुम दोनों ‎नाके पर प्रचार मत करो।",तुम
IndicDialogue,Tu Jhoothi Main Makkaar,1958103212,1838,"हो गया काम?
हो गया।
कहा ही था, हो जाएगा।
कैसे किया?
अब वो तो ट्रेड सीक्रेट है न, मैडम, वो कैसे बता सकता हूँ।",पर ____ बुरी नहीं बनी न?,पर आप बुरी नहीं बनी न?,आप
IndicDialogue,Axone,1956818787,792,"अरे यार सब एकसाथ रहती हैं तो उसमें मेरी क्या गलती है?
तेरे ना बहानों से मैं पक चुकी हूँ। बहुत हो चुका है तेरा!
अरे यार इसको डॉक्टर अंकल के पास ले जाना पड़ गया था। दिल का दौरा पड़ा था इसको।
- दिल का दौरा? - और नहीं तो क्या!
ये देख दवाइयाँ... ये देख डॉक्टर अंकल","____ खा ना यार दवाई, अंकल ने बोला था ना। इस समय शाम को लेते हैं एक।","तू खा ना यार दवाई, अंकल ने बोला था ना। इस समय शाम को लेते हैं एक।",तू
IndicDialogue,Shehzada,1958077493,79,"ये बच्चा मामूली ज़िंदगी जिएगा,
और मेरा बेटा इसकी जगह पे राज करेगा राज।
ये धोखे से भी बढ़कर है।
-ये पाप है। -चुप कर!
एक बच्चे को अपनी माँ से अलग मत कीजिए।",मैंने ____ ऐसा नहीं करने दूँगी।,मैंने तुम्हें ऐसा नहीं करने दूँगी।,तुम्हें
IndicDialogue,Indoo Ki Jawani,1957132233,243,"-मम्मी, मैं दोस्तों के पास जा रहा हूँ। -हाँ?
ठीक है और खाना खा लो।
-नहीं, मैं नहीं करूँगा। -ठीक है।
किट्टू भाई, कैसे हो?
प्रवेश परीक्षा की तैयारी कैसी चल रही है?","भाई, इसी के लिए तो ____ बुलाया है।","भाई, इसी के लिए तो तुझे बुलाया है।",तुझे
IndicDialogue,Indoo Ki Jawani,1957132233,1937,"-तुम्हें घर जाना चाहिए। -हाँ बेटा, घर जाओ।
ये भी तो खड़ा है यहाँ।
कौन?
मेरी उम्र के आसपास है।
यह कैसा मामला है?",-आधार बनाएगा? -उससे ____ क्या मतलब है?,-आधार बनाएगा? -उससे तुम्हारा क्या मतलब है?,तुम्हारा
IndicDialogue,Jaadugar,1957742927,1833,"मेरी वजह से बहुत परेशान हुआ ना?
दिशा, अब किस मत करना अब। वहाँ सीसीटीवी लगा है।
तुझे क्या लगता है?
तुझे ऐसे देख के अच्छा लगता है मुझे?
बस तू ही मुझे खुश देखना चाहता है क्या?",मैं ____ खुश नहीं देखना चाहती?,मैं तुझे खुश नहीं देखना चाहती?,तुझे
IndicDialogue,Dhamaka,1957450323,1748,"‪हम्म।
‪मैं भी।
‪तुम्हें नहीं लगता ‪कि मैं प्राइम-टाइम का शो कर पाऊँगा?
‪नहीं, उसमें तो एक प्रतिशत भी शक नहीं है।
‪ तुम जब भी बोलोगे ना, ‪""जो भी कहूँगा, सच कहूँगा""",‪लोग ____ पर आँख बंद करके ‪भरोसा करने वाले हैं।,‪लोग तुम पर आँख बंद करके ‪भरोसा करने वाले हैं।,तुम
IndicDialogue,The Great Indian Family,1958355201,1064,"कहाँ रह गया..
क्या खाया होगा.. कहाँ सोया होगा भगवान जाने।
पूरे शहर में यही जगह मिली थी।
- अरे बुआ.. - प्रणाम भाई.. प्रणाम..
कुछ सोच के ही बुलाया होगा ना।",और ____ ना। ये चार चप्पल मार देंगे तीन चप्पल मार देंगे। ये सब ना करने लग जाना।,और तुम ना। ये चार चप्पल मार देंगे तीन चप्पल मार देंगे। ये सब ना करने लग जाना।,तुम
IndicDialogue,Tu Jhoothi Main Makkaar,1958103212,2300,"अपनों में चुन सकता है लेकिन कि कौन सा अपना चाहिए।
और किसके बिना काम चल जाएगा।
रोक ले न मुझे।
मैं रुक जाऊँगी।
तू जो चाहती है वो दे नहीं पाऊँगा मैं।",और ये सोच के जी नहीं पाऊँगा कि ____ मेरे लिए कॉम्प्रोमाइस कर रही है।,और ये सोच के जी नहीं पाऊँगा कि तू मेरे लिए कॉम्प्रोमाइस कर रही है।,तू
IndicDialogue,Guilty,1956804853,432,"‎उसने कुछ नहीं किया है।
‎आपको कैसे पता? हैं?
‎-आप थीं वहां? ‎-अरे, तो मत करो ना कुछ।
‎देखिए, मैं नहीं चाहता ‎कि आप लोग मेरे लिए कुछ करें।
‎-मैं सब ख़ुद संभाल लूँगा। ‎-बच्चा, प्लीज़...","‎____ घर से नहीं जाएगा, ओए!","‎तू घर से नहीं जाएगा, ओए!",तू
IndicDialogue,Axone,1956818787,1171,"चल अब दूसरी टाँग कर।
गर्दन दर्द नहीं कर रही?
- क्या बोला? - कुछ नहीं।
बात करता है!
बेचारियाँ यहीं तो रहती हैं। माना मकान अपना है। लेकिन घर तो उन्होंने ही बनाया है ना।",बेचारी की शादी नहीं होनी दी ____!,बेचारी की शादी नहीं होनी दी आपने!,आपने
IndicDialogue,The White Tiger,1957077990,317,"‏-तू मिठाई बनाता है? ‏-जी, सर।
‏ ‏इसलिए मीठी-मीठी बातें कर रहा है?
‏-खाना बनाना आता है? ‏-बिल्कुल, सर। बहुत अच्छा।
‏-क्या बनाते हो? ‏-हर तरह की मिठाइयाँ, सर।
‏गुलाब जामुन, रसगुल्ला हो गया, ‏लड्डू, रसमलाई, काजू बर्फ़ी।",‏ जो भी ____ चाहते हैं।,‏ जो भी आप चाहते हैं।,आप
IndicDialogue,Ginny Weds Sunny,1956951114,730,"‎अच्छा बुद्धू बनाया हुआ है आंटी, आपने, सच में।
‎अजीब फंसा दिया आपने, पता है?
‎दिमाग़ कह रहा छोड़ दूँ ये सब अभी के अभी।
‎लेकिन दिल कह रहा है, ‎करता जाऊँ जो आप कह रहे हो करने को।
‎दिल के मामले में दिमाग़ को लाओगे ना, ‎तो अकेले रह जाओगे हमेशा के लिए।",‎____ गिन्नी से बस दोस्ती बढ़ा।,‎तू गिन्नी से बस दोस्ती बढ़ा।,तू
IndicDialogue,Good Newwz,1956816836,564,"तो आप दोनों को तैयार रहना होगा।
श्रीमान बत्रा आपको
वीर्य का नमूना देने के लिए आना होगा।
मासिक चक्र के दूसरे दिन मिलता हूँ।
- ये आपके लिए है। -शुक्रिया।",- ____ शुभकामनाएं। -शुक्रिया।,- आपको शुभकामनाएं। -शुक्रिया।,आपको
IndicDialogue,Jaadugar,1957742927,582,"आज के बाद, अगर तू, तेरा कोई दोस्त, तेरा कोई परिवार वाला
मेरे, मेरे घर, मेरे मोहल्ले के आसपास भी दिखा ना,
तो थ्योरी नहीं सीधा प्रैक्टिकल करूँगी।
चौकन्ना होके सुन लिया मैम।
अब मैं तुझे जाने दूँगी।","____ ना पीछे मुड़के देखेगा, ना सॉरी बोलेगा।","तू ना पीछे मुड़के देखेगा, ना सॉरी बोलेगा।",तू
IndicDialogue,Guilty,1956804853,976,"‎- 'चोट के कोई निशान? ‎-हां।'
‎हाथ में जूते लिए हुए थे। वह थोड़ी-थोड़ी झूम रही थी।
‎मुझे नहीं पता। नशे में होगी शायद।
‎ लंगड़ा भी तो सकती थी।
‎मैं यह नहीं कह रहा हूँ, सर।",‎____ कह रहे हैं।,‎आप कह रहे हैं।,आप
IndicDialogue,The Great Indian Family,1958355201,520,"अरे ऐसे जूठे मुंह नहीं जाते शाम के वक्त।
चलो अंदर। चलो चलो बेटा।
अब्दुल के साथ काम करते हो तुम लोग सब हैं?
नहीं जी.. वो वो वो हम तो..
तुम त्रिपाठी पंडितजी के यहाँ के हो ना?",- ____ जानते हो इसे? - नहीं।,- तुम जानते हो इसे? - नहीं।,तुम
IndicDialogue,Indoo Ki Jawani,1957132233,1013,"तुमने कभी एडल्ट फ़िल्में देखी है?
क्यों?
मैंने थोड़ी बहुत देखी है।
उस में पता है हीरोइन क्या करती है?
क्या करती है?","इंडिया, ____…","इंडिया, तुम…",तुम
IndicDialogue,Indoo Ki Jawani,1957132233,1425,"अपनी सुरक्षा।
मैं तुम्हें छूना भी नहीं चाहता।
मैं तुम्हें करने भी नहीं दूँगी!
समझ क्या रखा है मुझे?
शुद्ध हिंदुस्तानी हूँ मैं, सच्ची और अच्छी इंसान।",हमारा देश ____ तरह गंदगी से नहीं भरा है।,हमारा देश आपकी तरह गंदगी से नहीं भरा है।,आपकी
IndicDialogue,The Great Indian Family,1958355201,840,"अच्छा फिर?
असलाम वालेकुम फिर सामने वाला बोलता है वालेकुम अस-सलाम...
ये बात तुमको पहले से पता थी या कल रात के बाद याद आयी। हा..हा..
अरे मज़ाक छोड़िए चाचा आप...उठा दिए फिर एक दम मज़ाक कर रहे हैं..
अरे... सुनो नाश्ता तैयार है.. शाकाहारी।",चाचा ____ भी ना...,चाचा आप भी ना...,आप
IndicDialogue,Madam Chief Minister,1957179704,385,"यहाँ रहके इतना भी ना सीखा तो तुम्हारे चूल्हे में हाथ जलाने का क्या फायदा?
ठीक है…
तू एक काम कर।
तू जा और अरविंद सिंह से गठबंधन की बात करके आ।
-मैं? -हाँ।",____ राजनीति की इतनी बड़ी पंडिताईन हो गई है।,तू राजनीति की इतनी बड़ी पंडिताईन हो गई है।,तू
IndicDialogue,Guilty,1956804853,1823,"‎-नानकी, क्या.. ‎-और तुम्हें भी।
‎मगर उसकी बात अलग है, तनु।
‎अब देखो ना, क्योंकि...
‎वह एक आदमी है।
‎समझ रही हो?",‎____ दिक्कत यह है कि...,‎तुम्हारी दिक्कत यह है कि...,तुम्हारी
IndicDialogue,Dhamaka,1957450323,442,"‪ अरे, वो सब तो ठीक है, ‪लेकिन पैसे हमको चाहिए।
‪पैसे आपको मिल जाएंगे।
‪बस शो कर दीजिए क्योंकि शो शुरू करना है।
‪दूसरे चैनल आपकी बातें ‪तोड़-मरोड़ के पेश करेंगे।
‪उनको आपसे मतलब नहीं है, ‪उनको अपने चैनल से मतलब है।","‪मैं अलग हूँ। मेरे शो में ना, ____ ‪जिससे जैसे बात करनी है, कर सकते हैं।","‪मैं अलग हूँ। मेरे शो में ना, आपको ‪जिससे जैसे बात करनी है, कर सकते हैं।",आपको
IndicDialogue,Madam Chief Minister,1957179704,16,"{\an8}साले फड़-फड़ फटाका फोड़ रहे हो!
{\an8}अबे किसी के घर में घुस के फटाके फोड़ोगे?
{\an8}तुम्हारा दूल्हा घोड़ी पर कैसे बैठा है?
{\an8}उतारो इसे नीचे।
{\an8}अब तुम्हारा दूल्हा हमारे घर के सामने से घोड़ी पर चढ़कर निकलेगा?",{\an8}और ____ साले! हमारे सामने पगड़ी पहनकर नाचोगे!,{\an8}और तुम साले! हमारे सामने पगड़ी पहनकर नाचोगे!,तुम
IndicDialogue,Ginny Weds Sunny,1956951114,1310,"‎मामला थोड़ा संजीदा है।
‎नहीं गिन्नी, बोलने दे।
‎मैं भी मदद कर देता हूँ।
‎वैसे हम लोग औपचारिक तौर से मिले नहीं है। ‎मैं निशांत राठी।
‎और मैं सतनाम सेठी।","‎और ____ तो मुझे जितनी जल्दी जान ले ‎उतना अच्छा होगा, तेरे लिए।","‎और तू तो मुझे जितनी जल्दी जान ले ‎उतना अच्छा होगा, तेरे लिए।",तू
IndicDialogue,Lust Stories 2,1958186552,1394,"राहू का योग है उसकी कुंडली में।
वैसे तो हवन बनता है अपने बनारस में,
पर यहीं करा देंगे, कोई दिक्कत नहीं।
इक्कीस सौ में।
तेरा भी शुक्र भारी है, भाई।","जब तक ____ इस हवेली में रहेगा, इंग्लैंड नहीं जा पाएगा।","जब तक तू इस हवेली में रहेगा, इंग्लैंड नहीं जा पाएगा।",तू
IndicDialogue,Jaane Jaan,1958289341,191,"मेरी प्यारी सोनिया…
नहीं।
तुम बिलकुल भी खुश नहीं हो न, मुझे देख के।
मैं बदल गया हूँ, सोनिया।
अब मैं वो, पहले वाला अजीत नहीं रहा।",-क्या चाहिए ____? -मेरी बात सुनो पहले।,-क्या चाहिए तुम्हें? -मेरी बात सुनो पहले।,तुम्हें
IndicDialogue,Tu Jhoothi Main Makkaar,1958103212,1658,"ऐसे झूठ बोल के, आँख चुराके नहीं।
तुझे मेरी आँखों में ख़ुद को जाते देखना होगा।
तुझे मुझसे कहना होगा,
तुझे बताना होगा।
क्यों?",क्योंकि मैं ये मानने राज़ी नहीं कि ____ मुझसे प्यार नहीं करती।,क्योंकि मैं ये मानने राज़ी नहीं कि तू मुझसे प्यार नहीं करती।,तू
IndicDialogue,Lust Stories 2,1958186552,438,"और तू कहाँ है?
सीढ़ियों पर।
 बेब, तू पागल हो गई है?
तेरा घर है।
 तेरी मेड तेरे बेड पर है।",____ अभी के अभी अंदर जा और उसे नौकरी से निकाल!,तू अभी के अभी अंदर जा और उसे नौकरी से निकाल!,तू
IndicDialogue,Guilty,1956804853,589,"‎-पर, मैम, मैं... ‎-लेकिन इसे मेरी आख़िरी चेतावनी समझो।
‎अगली बार, यह...
‎तनु, तुम आज कपड़े धो सकती हो
‎पर कपड़े धोने का टाइम दो से चार है स्ट्रिक्ट्ली।
‎-समझी। ‎- वह बहुत बड़ी झूठी है!",‎इससे यह साबित होता है ‎कि ____ उसे पसंद नहीं करती थी।,‎इससे यह साबित होता है ‎कि तुम उसे पसंद नहीं करती थी।,तुम
IndicDialogue,Jaane Jaan,1958289341,1336,"-एक पेड़ पे पाँच चिड़िया बैठी हैं। -हम्म।
मैंने एक को गोली मारी, पेड़ पे कितनी चिड़िया बची?
-चार? -हाँ।
-सही है? -सही है।
क्या?","देख, मैंने ____ एक हल बताया, तुमने मान लिया।","देख, मैंने तुम्हें एक हल बताया, तुमने मान लिया।",तुम्हें
IndicDialogue,Axone,1956818787,414,"मम्मी कसम यार! पाँच मिनट से एक मिनट ऊपर नहीं लगेगा।
तुम में से एक मेरे साथ बाइक पर आ जाओ फटाफट!
बाइक पर?
हाँ तो क्या अकेले जाऊँगा?
तू जा।",मैं क्यों जाऊँ? ____ जा ना!,मैं क्यों जाऊँ? तू जा ना!,तू
IndicDialogue,Shehzada,1958077493,999,"फ्री।
वाल्मीकि।
तुझे देख कर मैं हमेशा चिढ़ता था।
पर अब तुझपे तरस आ रहा है।
क्योंकि उसे तू बेटा बुला नहीं सकता,",और मैं ____ अपना बाप मानूँगा नहीं!,और मैं तुझे अपना बाप मानूँगा नहीं!,तुझे
IndicDialogue,Haseen Dillruba,1957295757,772,"‎ खाने-पीने की बात मत करना।
‎चूल्हा-चौका, करछी इनको नहीं भाता है।
‎इनके हाथ से सिर्फ़ कैंची चलती है।
‎और अपनी मुंडी बचाकर रखना।
‎तेरे मौसा जो घूम रहे हैं ना रैंबो बने, ‎परकटे, इनकी मेहरबानी है।",‎____ कुछ कटवाना है?,‎आपको कुछ कटवाना है?,आपको
IndicDialogue,The White Tiger,1957077990,615,"‏यहाँ पर मालिकों के कपड़े आते हैं, ‏धुलके फिर चले जाते हैं।
‏यह टॉयलेट है।
‏यह फ़ोन बजेगा, जब तेरा मालिक तुझे बुलाएगा।
‏यहाँ पर मंदिर भी है, ‏तू पूजा भी कर सकता है।
‏और यह है अपना अय्याशी का अड्डा।","‏जब पैसे होते हैं, तो यहाँ पर ‏हम लोग पत्ते खेलते हैं। ____ भी खेलना।","‏जब पैसे होते हैं, तो यहाँ पर ‏हम लोग पत्ते खेलते हैं। तू भी खेलना।",तू
IndicDialogue,Lust Stories 2,1958186552,257,"बहुत हॉट।
अर्जुन तेरे लिए हॉट नहीं है?
नहीं, वो... वो बहुत हॉट है। मेरा मतलब बहुत आकर्षक है।
 शायद मैं टैन्स थी।
परफॉर्मेंस प्रेशर ना?","और ____ ही वजह से, जब मैं बेड पर थी तब भी आप ही मेरे दिमाग में थीं।","और आपकी ही वजह से, जब मैं बेड पर थी तब भी आप ही मेरे दिमाग में थीं।",आपकी
IndicDialogue,Tu Jhoothi Main Makkaar,1958103212,596,"कार डीलरशिप, जूलरी, कमर्शियल प्रॉपर्टी, इंश्योरेंस...
ओह! लाला है तू?
लाला हूँ मैं।
मुझे लाला लोग कतई पसंद नहीं।
मुझे लाला पीपल पसंद नहीं।",____ लाला पीपल से प्यार हो जाएगा।,तुझे लाला पीपल से प्यार हो जाएगा।,तुझे
IndicDialogue,The Great Indian Family,1958355201,871,"आपको जय श्रीराम कहते हैं अल्लाहु अकबर...?
भैया प्लीज..
ऐ... औकात में.. समझे...
काहे की बेटा.. हमारा मोहल्ला है ये।
यहां बकैती चलेगी तो सिर्फ हमारी।",तो ____ लिए अच्छा यहीं होगा बेटा। कम हो लो इधर से...,तो तुम्हारे लिए अच्छा यहीं होगा बेटा। कम हो लो इधर से...,तुम्हारे
IndicDialogue,Axone,1956818787,731,"-  मुझे एक प्लेट घोंघे दीजिए। -  ठीक है।
रॉबिन जल्दी करो यार!
इतनी देर क्यों लगा रहा है?
मैडम, लेकिन मैं बस यह कह रही हूँ कि उसकी
शादी है तो हम इसे ख़ास बनाने की कोशिश कर रहे हैं।","देखो, ____ ऑर्डर दे सकती हो। शायद मैं","देखो, तुम ऑर्डर दे सकती हो। शायद मैं",तुम
IndicDialogue,Tu Jhoothi Main Makkaar,1958103212,2589,"और परसों के पहले दिन मुझे पक्का याद है मैंने खाया था टिफ़िन।
और कल भी मैं खाने ही लगी थी कि उतने में इसका फ़ोन आ गया,
कि ऑफ़िस के नीचे हूँ, आजा बियर पिएंगे।
बियर पीते-पीते डबास का कॉल आ गया,
तो ये बोला ढाबे चलते हैं।",____ बिल क्यों रखती है? फेंक क्यों नहीं देती?,तू बिल क्यों रखती है? फेंक क्यों नहीं देती?,तू
IndicDialogue,Indoo Ki Jawani,1957132233,1697,"तू होता कौन है मुझे बाहर निकालने वाला? मेरी बात सुनो, इंडिया।
एक तो जबरदस्ती घुसा है और हीरो बन रहा है?
जबरदस्ती मैं घुसा हूँ या तुम? मुझे मालूम है तू कौन है, समझा?
अच्छा, तुझे पता है मैं कौन हूँ।
तू निकल वर्ना बहुत पिटेगा।",-मुझे मारेगा ____? -तेरी तो…,-मुझे मारेगा तू? -तेरी तो…,तू
IndicDialogue,Ginny Weds Sunny,1956951114,1211,"‎म्म-हम्म।
‎फिर किससे?
‎है एक लड़का... दोस्त है, अच्छा है।
‎-क्या नाम है? ‎-सतनाम सेठी।
‎सतनाम सेठी, अच्छा।",‎मिली कहाँ ____ उससे? तेरे ऑफ़िस में काम करता है?,‎मिली कहाँ तू उससे? तेरे ऑफ़िस में काम करता है?,तू
IndicDialogue,Good Newwz,1956816836,421,"नहीं मिलना मुझे।
नहीं मिलना ऐसे गुप्त रोग विशेषज्ञ से।
-नहीं मिलना मुझे। -वरुण!
तुम किस सदी में जी रहे हो?
एक मिनट, भाभी। वरुण,",____ वो चेरी याद है?,तुझे वो चेरी याद है?,तुझे
IndicDialogue,Madam Chief Minister,1957179704,98,"मोहित! निकल आ बे!
तुम्हारे लिए।
बॉम्बे से है।
-अरे वाह। -बहुत महंगी है।
तारा सस्ता माल तो वैसी भी नहीं पहनती।",मैंने सोचा ____ मुझे तोहफा चुनाव जीतने के बाद ही दोगे।,मैंने सोचा तुम मुझे तोहफा चुनाव जीतने के बाद ही दोगे।,तुम
IndicDialogue,Lust Stories 2,1958186552,1361,"ये गई मेरी गोटी अंदर।
बाबा। -हाँ?
वो मुझे आगे की पढ़ाई इंग्लैंड में करनी है।
क्यों? यहाँ क्या समस्या है?
पढ़ाई अच्छी है वहाँ पे।",और अब तो ____ कॉन्ट्रेक्ट भी मिल गया है।,और अब तो आपको कॉन्ट्रेक्ट भी मिल गया है।,आपको
IndicDialogue,Hit the First Case,1957795759,453,"कब से?
सर, मुझे नेहा के केस की डिटेल्स चाहिए।
बैठो।
ठीक हूँ, सर।
नेहा का प्रोफाइल पहले से मोबाइल यूनिट्स तक पहुँच चुका है।","टाइम वेस्ट नहीं करते हैं, सर। ____ मुझे डिटेल्स दे दीजिए।","टाइम वेस्ट नहीं करते हैं, सर। आप मुझे डिटेल्स दे दीजिए।",आप
IndicDialogue,Lust Stories 2,1958186552,653,"जो कि मेरे बांद्रा मॉम्स ग्रुप में है,
-  वो ये सब अनाप-शनाप कह... -  क्या कह रही थी वो?
वो कह रही थी कि तू अपनी मेड को वो सब करने दे रही थी
- और देखती थी, ये सब... -  क्या?
हाँ और फिर वो अपने पैसे-वैसे माँगने लगी,",लेकिन फिर ____ लोगों के बीच कोई बड़ा झगड़ा हो गया,लेकिन फिर तुम लोगों के बीच कोई बड़ा झगड़ा हो गया,तुम
IndicDialogue,Indoo Ki Jawani,1957132233,1347,"बहन जी?
बहन जी?
आपका बेटा दिखाई नहीं दे रहा आज…
-जगराता? -जगराते में?
-कहाँ है? -कहाँ है?",कितनी देर तक बैठा रहेगा ____ यहाँ पे?,कितनी देर तक बैठा रहेगा तू यहाँ पे?,तू
IndicDialogue,Hit the First Case,1957795759,904,"देखी तो है कई बार क्लब में।
-अजय के साथ। -और?
और मैं नहीं जानता, साहब।
हवा सिंह, ये गलती से एक ड्रग डीलर को पकड़ा है।
हम लोग घंटा घर के पीछे हैं।",आगे ____ लोग अरेस्ट--,आगे तुम लोग अरेस्ट--,तुम
IndicDialogue,Ginny Weds Sunny,1956951114,1389,"‎सच तो ये है कि छः महीने पहले ‎तेरी मम्मी ने मुझे तेरे पीछे लगाया था।
‎मतलब हमारी प्रेम कहानी की दुश्मन तेरी मम्मी है।
‎ओए सोला दुनी आठ।
‎प्रेम कहानी वो होती है जिसमें प्रेम होता है।
‎तुम दोनों के बीच में जो चल रहा था, ‎वो कुछ और ही था।","‎____ फ़िक्र ना कर, गिन्नी।","‎तू फ़िक्र ना कर, गिन्नी।",तू
IndicDialogue,The Great Indian Family,1958355201,283,"यह क्या है बे?
रहने दो। मूड ऑफ है हमारा।
क्यों? अपनी शकल देख ली क्या सुबह सुबह?
पंडित तुम सही सही बताना, तुमको माखन सिंह की बिरयानी की कसम है।
यार हम बदसुरत हैं क्या?","नहीं ____ तो रणबीर कपूर दीखते हो मेरी रानी, ट्रू कॉपी।","नहीं तुम तो रणबीर कपूर दीखते हो मेरी रानी, ट्रू कॉपी।",तुम
IndicDialogue,Hit the First Case,1957795759,1857,"रोहित बस मुझे प्रोटेक्ट कर रहा था।
आई एम सॉरी।
अगर मैं बचपन में सपना को रोकती नहीं,
तो आज प्रीति ज़िंदा होती।
हत्या में कोई बहाना नहीं चलता।",सपना के क्राइम के लिए ____ ज़िम्मेदार नहीं हैं।,सपना के क्राइम के लिए आप ज़िम्मेदार नहीं हैं।,आप
IndicDialogue,Jaane Jaan,1958289341,823,"थोड़ी देर के लिए।
कैरीओके?
तारा का मन था।
आप लोग अक्सर ऐसा करते हैं?
बहुत कम, जब भी समय मिलता है।","तो, ____ फिल्म देखी, रेस्टोरेंट गए,","तो, आपने फिल्म देखी, रेस्टोरेंट गए,",आपने
IndicDialogue,Jaadugar,1957742927,1953,"मतलब उसने तेरे को अपना पोजीशन दे दिया, अब बदले में पता नहीं तूने क्या दिया?
हमें भी बॉल दे सकती है दीपा। सिर्फ इकरार को देनी ज़रूरी है क्या?
हमारी कॉलोनी आ जा दीपा। एकदम फॉरवर्ड खिलाएँगे, फॉरवर्ड।
बस वही करना, जो तू इकरार के लिए करती है।
नहीं, नहीं इकरार। यही चाह रहा है ये।","यही चाह रहा है, मैं कह रहा हूँ, अलग रह ____ अलग रह।","यही चाह रहा है, मैं कह रहा हूँ, अलग रह तू अलग रह।",तू
IndicDialogue,Axone,1956818787,1322,"ज़ोरेम।
ज़ोरेम।
ज़ोरेम!
तुम क्या कर रहे हो?
हमारे रिश्ते में क्या कमी रह गई?",उपासना बाजू के कमरे में है। ____ क्या कर रहे हो?,उपासना बाजू के कमरे में है। तुम क्या कर रहे हो?,तुम
IndicDialogue,Jaane Jaan,1958289341,357,"हमें पुलिस को बुलाना पड़ेगा।
क्यों?
और क्या करें?
मैंने ही मारा है उसे।
नहीं, मम्मा।",____ नहीं मारा है।,आपने नहीं मारा है।,आपने
IndicDialogue,Darlings,1957768015,1120,"‎ये मेरा भी न ऐसे शुरुआत में ‎बहुत ऊपर-नीचे हो रहा था।
‎दो-तीन करियर दिमाग में थे मेरे।
‎फिर मैं सोचा रेलवे लाइन में, ‎बड़ा बॉस बन के न, सबकी मारूँगा।
‎साली किस्मत।
‎क्या साली किस्मत? तू है तो, सीनियर टीसी।","‎नाम का है, रे। जैसे ____ नाम का ‎लेखक है न, वैसेइच।","‎नाम का है, रे। जैसे तू नाम का ‎लेखक है न, वैसेइच।",तू
IndicDialogue,Lust Stories 2,1958186552,1252,"यहाँ कुछ नहीं रह गया है, तेरे बकर के अलावा।
और आप?
मैं चला गया, तो आप...
तू मेरी चिंता मत कर।
देख...","____ वहाँ जाएगा, तो मैं भी वहाँ आ जाऊँगी ना।","तू वहाँ जाएगा, तो मैं भी वहाँ आ जाऊँगी ना।",तू
IndicDialogue,Lust Stories 2,1958186552,978,"मैंने सोचा कि मैं तुम्हें कॉल करूँ।
मेरे पति...
कोई तुम्हें मारना नहीं चाहता।
तुम ऐसा सोच भी कैसे सकती हो?
नर्सिंग होम?",तुमने कहा ____ नर्सिंग होम से वापस जा रही थी।,तुमने कहा तुम नर्सिंग होम से वापस जा रही थी।,तुम
IndicDialogue,Indoo Ki Jawani,1957132233,1605,"सर, सर…
वहाँ पर एक लाश पड़ी है।
और हत्यारा शायद उस घर में है उधर।
नहीं।
पहले सबूत लेके आओ, फिर पुलिस थाने रिपोर्ट करो।",-जाओ। -सर ____ समझ नहीं रहे हैं।,-जाओ। -सर आप समझ नहीं रहे हैं।,आप
IndicDialogue,Guilty,1956804853,890,"‎यहां पर कुछ नहीं है। हम... हम केपी से ‎यहां कोई अच्छी-सी धुन डालवाएंगे।
‎""किसकी ख़राबी में हूँ...""
‎क्या बकवास है?
‎तुमने ऐसा क्यों किया?
‎तुम कहां थी उस रात एक बजे तक?",‎-रॉय के यहां। मैंने ____ बताया था। ‎-क्यों?,‎-रॉय के यहां। मैंने तुम्हें बताया था। ‎-क्यों?,तुम्हें
IndicDialogue,Lust Stories 2,1958186552,911,"चलता हूँ। शाम को मिलते हैं।
और आप...
अपनी बंद पड़ी गाड़ी को ठीक कराइए और यहाँ से चलते बनिए।
शाम तक दिखने नहीं चाहिए।
ओह हैलो, आप मुझ से ऐसे नहीं बात कर सकते हैं।",____ भले के लिए कह रहा हूँ।,आपके भले के लिए कह रहा हूँ।,आपके
IndicDialogue,Good Newwz,1956816836,1109,"फ़ोन मत करना आज के बाद।
हैलो।
मेरी क्वालिटी की आईस्क्रीम नहीं रखेगा?
मोनी,
क्या हो रहा है यह सब?",____ भी गर्भवती। वो भी गर्भवती। समझ में नहीं आ रहा हमारे साथ हो क्या रहा है?,तुम भी गर्भवती। वो भी गर्भवती। समझ में नहीं आ रहा हमारे साथ हो क्या रहा है?,तुम
IndicDialogue,Dhamaka,1957450323,1302,"{\an8}‪रघुबीर जी, रघुबीर जी, ‪पुल पर फंसे लोगों के बारे में सोचें।
{\an8}‪उनकी जान ख़तरे में है।
{\an8}‪ पुल किसी भी वक़्त गिर सकता है।
{\an8}‪ आपने रिश्वत ली थी?
‪ पिछले अक्टूबर आपको ‪ज़र्नलिस्ट ऑफ़ द ईयर अवॉर्ड भी मिला था।","‪और जिस इंटरव्यू के दम पर ‪____ ये अवॉर्ड मिला, पता चला कि","‪और जिस इंटरव्यू के दम पर ‪आपको ये अवॉर्ड मिला, पता चला कि",आपको
IndicDialogue,Indoo Ki Jawani,1957132233,1164,"तू हाथ तो लगा के दिखा मुझे!
-क्या? -तू अभी के अभी मेरे घर से निकल।
मीटिंग वगैरह सब रद्द।
तू निकल मेरे घर से। निकल।
विश्वास नहीं होता।",पहले पता होता कि ____ सोच इतनी घटिया है और इतना शक करती हो।,पहले पता होता कि तुम्हारी सोच इतनी घटिया है और इतना शक करती हो।,तुम्हारी
IndicDialogue,Darlings,1957768015,434,"‎ मैं नरम मिजाज़ का हूँ। ‎ खड़ा रह!
‎क्या चल रहा है? चलो, घर चलो।
‎साहब, मैं एक टीसी है। आपकी तरह ‎सरकार के लिए काम करता है मैं भी।
‎ए, ए, हीरो, ठीक से खड़ा रह! ‎साब के सामने खड़ा है।
‎देखा, साब। ऐसे ही धमकाता है। ‎और फिर मारता है। बार-बार मारता है।","‎आएगा ही न मारने को! ____ ऐसा बैठ के ‎ऐसा डरेगा, तो आएगा ही मारने को।","‎आएगा ही न मारने को! तुम ऐसा बैठ के ‎ऐसा डरेगा, तो आएगा ही मारने को।",तुम
IndicDialogue,Lust Stories 2,1958186552,1025,"और मेरे पास तो शादी का सर्टिफिकेट भी था ना साबित करने के लिए।
 तुम सही कह रही हो।
मैं हमेशा से सिर्फ तुम्हारा था।
चाय अच्छी है।
और अब भी हूँ।",वैसे ____ काफी बदल गई हो।,वैसे तुम काफी बदल गई हो।,तुम
IndicDialogue,Hit the First Case,1957795759,472,"पर इसने जवाब ही नहीं दिया।
क्योंकि मैं गुस्सा था।
गुस्सा था, सर।
यहाँ ये गायब होता है, वहाँ वो गायब हो जाती है।
नेहा की माँ को भी इससे बहुत प्रॉब्लम है।",सब को ____ इतनी प्रॉब्लम क्यों होती है?,सब को तुझसे इतनी प्रॉब्लम क्यों होती है?,तुझसे
IndicDialogue,Tu Jhoothi Main Makkaar,1958103212,1669,"रीज़न पता होगा तो सॉर्ट कर दूँगा।
ऐसा क्या रीज़न हो सकता है जो मैं सॉर्ट नहीं कर पाऊँगा?
अगर नहीं बताएगी तो?
बोल, भाई!
वो नहीं होना चाहती तेरे साथ",____ ये जानते हुए उससे सगाई कर रहा है।,तू ये जानते हुए उससे सगाई कर रहा है।,तू
IndicDialogue,Axone,1956818787,1481,"-  मैं बहुत खुश हूँ आज। -  ठीक है चखो तो!
-  मुझे तुमसे प्यार है यार! -  मुझे भी।
-  आना! -  बहुत मस्त है!
सब लोग आओ, खा लो।
बालोमोन, सारा खाना खत्म मत कर देना, ठीक है!",मैं ____ दोनों से प्यार करती हूँ यार!,मैं तुम दोनों से प्यार करती हूँ यार!,तुम
IndicDialogue,Lust Stories 2,1958186552,1038,"ओह, हैलो।
तुम्हारे सामने खड़ा है।
मुझे बहुत गर्व है तुम पर।
तुम कॉलेज के टाइम से यही तो चाहते थे।
अब देखो, [अंग्रेज़ी में] तुमने पा लिया।",लेकिन ____ बिना संभव नहीं था।,लेकिन तुम्हारे बिना संभव नहीं था।,तुम्हारे
IndicDialogue,Axone,1956818787,284,"तो समय ही नहीं है मतलब!
वही तो!
- क्या करें? - शिव, तू मदद कर ना।
एक शर्त है मेरी पर?
क्या?",यार ____ लोगों को ना मुझे पूर्वोत्तर की गर्लफ्रेंड दिलानी पड़ेगी!,यार तुम लोगों को ना मुझे पूर्वोत्तर की गर्लफ्रेंड दिलानी पड़ेगी!,तुम
IndicDialogue,Darlings,1957768015,702,"‎और लड़की लोग के साथ ‎चिपक जाता उससे चुंबक की तरह। ज़ुम्म!
‎चिपकती न?
‎-मौके पे है सब। ‎-मौके पे? मौके पे।
‎खाली मिस कि मिसेज़ भी?
‎हाँ?","‎हमज़ा, ____ जैसा सोच रहा है, ‎वैसा कुछ भी नहीं है।","‎हमज़ा, तू जैसा सोच रहा है, ‎वैसा कुछ भी नहीं है।",तू
IndicDialogue,Hit the First Case,1957795759,1281,"विक्रम।
सर।
तुमने नार्को टेस्ट करवाया था?
यस, सर।
पर आपने जैसा कहा था, सब कानूनी रूप से करवाया।","जिस कानून की ____ बात कर रहा है ना,","जिस कानून की तू बात कर रहा है ना,",तू
IndicDialogue,The Great Indian Family,1958355201,1072,"बुआ...
- नमस्कार। - अस्सलाम वालेकुम।
हम, सिर्फ कपडा बदला है या आत्मा भी हरी हो गई ?
हरी भजन गाते थे हम,
आज हरा कपड़ा पहन लिया, तो हरी मिर्च लग रही है लोगों को।","भैय्या, ____ बात बनाने आये हो कि बिगाड़ने आये हो?","भैय्या, तुम बात बनाने आये हो कि बिगाड़ने आये हो?",तुम
IndicDialogue,Shehzada,1958077493,760,"बू बू।
♪ इश्क में तूने जाने क्या ऐसी चीज़ पिला दी ♪
♪ ले चल जहाँ ले जाना है तुझको है आज़ादी ♪
♪ जब से मिली तू मुझे यारों से रहा ना कोई काम रे ♪
♪ जब से मिली तू मुझे यारों से रहा ना कोई काम रे ♪",♪ इतनी ज़्यादा सोनी है ____ ♪,♪ इतनी ज़्यादा सोनी है तू ♪,तू
IndicDialogue,Shehzada,1958077493,57,"भगवान का शुक्र है!
देखो, सर।
तुम मुझे दो।
अब ये मेरा है।
सर, नहीं।",____ अब तक कुर्बानी दे रहे थे।,आप अब तक कुर्बानी दे रहे थे।,आप
IndicDialogue,Axone,1956818787,1218,"- गिर गए क्या? - रही होगी बुड्ढी!
लाठी कहाँ रख दी आपने?
मुझे पता था तुम्हारे पापा मस्त हैं, जब
उनको निर्वाना टी- शर्ट में देखा।
देखी तूने?",इससे बना लोगे ____ लोग?,इससे बना लोगे तुम लोग?,तुम
IndicDialogue,Good Newwz,1956816836,533,"-मैं कुछ पूछ सकती हूँ, डॉक्टर? -हम्म।
अगर मेरे अंडे फ़र्टिलाइज़ नहीं हुए तो?
तो हम दान किए गए अंडे इस्तेमाल कर सकते हैं।
दान किए गए मतलब?
दान किए गए मतलब किसी जवान महिला के अंडे को इस्तेमाल करके",____ शुक्राणु से फ़र्टिलाइज़ करेंगे और फिर,तुम्हारे शुक्राणु से फ़र्टिलाइज़ करेंगे और फिर,तुम्हारे
IndicDialogue,Indoo Ki Jawani,1957132233,1946,"उसके बारे में चिंता मत करो, मैं इसे संभाल लूँगा।
-वह… -लेकिन…
वह भी तकनीकी रूप से उसका पड़ोसी है।
दोनों पड़ोसी एक दूसरे की मदद करेंगे। आप जाइए।
-लेकिन हम उसके लिए यहाँ हैं। -हम सुरक्षा करेंगे…",-जाइए ____! -हम…,-जाइए आप! -हम…,आप
IndicDialogue,Good Newwz,1956816836,2017,"मैं तुम लोगों से डिलिवरी नहीं कराऊँगी।
डॉक्टर श्रीमती जोशी कहाँ हैं?
डॉक्टर कहाँ हैं? श्रीमती जोशी?
वो आगे की पढ़ाई के लिए अमेरिका गई हैं
और एक साल के बाद आ जाएँगी। ख़ैर,",____ आराम करिए। इन दो बेवकूफ़ोंं के साथ मुझे अपना काम करने दीजिए।,आप आराम करिए। इन दो बेवकूफ़ोंं के साथ मुझे अपना काम करने दीजिए।,आप
IndicDialogue,The White Tiger,1957077990,1628,"‏हमें 40 लाख चाहिए। ‏सोमवार रात, शेरेटन होटल।
‏समझा?
‏ मैंने पहले गाँव से बस ली ‏और फिर ट्रेन पकड़ ली…
‏और आपके बारे में ‏लोगों से पूछते हुए यहाँ आ गए।
‏दादी और परिवार कहते हैं कि आप मेरी शहर में ‏अच्छा देख-रेख करेंगे और ड्राइवर बना देंगे।",‏-कौन हो बे ____? ‏-धरम।,‏-कौन हो बे तुम? ‏-धरम।,तुम
IndicDialogue,Tu Jhoothi Main Makkaar,1958103212,2627,"बेबीकेयर
{\an8}कार्तिक और नुसरत को प्यार
{\an8}♪  मैं पूरे का पूरा हूँ मैं अब नहीं  ♪
{\an8}♪  कि उसमें से आधा है तू  ♪
{\an8}♪  या मुमकिन है मुझमें ही रहने लगा  ♪",{\an8}♪  मुझसे भी ज़्यादा है ____  ♪,{\an8}♪  मुझसे भी ज़्यादा है तू  ♪,तू
IndicDialogue,Tu Jhoothi Main Makkaar,1958103212,1132,"पठानी जंच रही है।
ये कॉपी कर रहा है मेरा।
मैं निकलती हूँ।
रुक न, अभी तो आई है।
साढ़े बारह ही तो हुआ है।","नवाब साहब, ____ उठना है 12 बजे।","नवाब साहब, आपको उठना है 12 बजे।",आपको
IndicDialogue,Tu Jhoothi Main Makkaar,1958103212,1541,"गलत तो है।
पर कोई न, तू जा।
जब तक तू नहीं आती तब तक मिक्की मेरा ख़याल रख लेगा।
रख लोगे न?
कुछ-कुछ होता है, राहुल।",____ नहीं समझोगे।,तुम नहीं समझोगे।,तुम
IndicDialogue,Guilty,1956804853,1621,"‎चलो, हमारे साथ एक ड्रिंक पी लो।
‎मुझे लगता है तुम इन बूढ़ों के साथ बोर हो रहे हो।
‎पूछने के लिए शुक्रिया। लेकिन मैं ठीक हूँ।
‎मुझे यहाँ घिन आ रही है।
‎लेकिन तुम...",‎____ मज़े करो।,‎तुम मज़े करो।,तुम
IndicDialogue,Ginny Weds Sunny,1956951114,1434,"‎निकल!
‎-गिन्नी। ‎-उठ!
‎-गिन्नी यार एक मिनट बात... ‎-हाथ मत पकड़ना।
‎-गिन्नी… ‎-निकल यहाँ से।
‎गिन्नी हमारी बात तो सुन ले।",‎____ तो मैं बाद में बात करूंगी।,‎आपसे तो मैं बाद में बात करूंगी।,आपसे
IndicDialogue,Ginny Weds Sunny,1956951114,42,"‎पर, तुम्हें नहीं लगता है
‎कि हमें एक-दूसरे को जानने के लिए अभी थोड़ा ‎और समय लेना चाहिए...
‎अरे! जानने के लिए तो पूरी ज़िंदगी पड़ी है।
‎ब्याह कर लेते हैं।
‎उसके बाद एक बार रेस्टॉरेंट खुल जाए तो ‎उसको भी चलाएंगे और अपनी ज़िंदगी को भी।",‎तो ____ ये शादी इसलिए करनी है ‎कि तुम अपना रेस्टॉरेंट खोल सको?,‎तो तुम्हें ये शादी इसलिए करनी है ‎कि तुम अपना रेस्टॉरेंट खोल सको?,तुम्हें
IndicDialogue,Jaadugar,1957742927,1322,"वो तेरा बोनस।
तू चाहता है मैं टूर्नामेंट जीतने में तेरी मदद करूँ?
ताकि तू मुझ से शादी कर पाए?
अब जिसने दलदल में फेंका है,
उस से रस्सी फेंकने की उम्मीद तो कर ही सकता हूँ।","मीनू, ____ पापा को असली जादू दिखाना था।","मीनू, तुझे पापा को असली जादू दिखाना था।",तुझे
IndicDialogue,Guilty,1956804853,998,"‎क्या तुम मेरे साथ सोने की कोशिश कर रहे हो?
‎-क्या बकवास है, क्या बोल रही हो तुम? ‎-क्या तुमने इसलिए मुझे यहां लाया?
‎-क्या? ‎-तुम वीजे को जेल भेजना चाहते हो क्योंकि...
‎और मैं इतने दिन से तुमसे बात कर रही थी।
‎-तुम क्या कह रही हो? ‎-वीजे...","‎-वीजे जेल जाएगा मेरी... मेरी वजह से। ‎-नानकी, ____ ठीक तो हो?","‎-वीजे जेल जाएगा मेरी... मेरी वजह से। ‎-नानकी, आप ठीक तो हो?",आप
IndicDialogue,Shehzada,1958077493,1753,"लेकिन कोई इस बारे में बात ही नहीं करना चाहता।
क्यों? क्योंकि सोसाइटी क्या सोचेगी!
क्या यार, बडी। आप तो कुछ कह सकते थे ना।
कम से कम इन दोनों का डिवोर्स तो करा देते।
तुझे क्या लगता है?",सच बोल कर ____ महात्मा बन जाएगा!,सच बोल कर तू महात्मा बन जाएगा!,तू
IndicDialogue,Shehzada,1958077493,1931,"मेरा वारिस है ये!
इसे हम से छीन कर बस इतना ही?
हॉस्पिटल में मैंने नर्स को इससे बात करते हुए सुन लिया था।
जब से पता चला है तूने क्या किया है,
अपने आप को रोक के रखा था।",____ गुस्सा कैसे नहीं आया?,तुम्हें गुस्सा कैसे नहीं आया?,तुम्हें
IndicDialogue,Axone,1956818787,1377,"मतलब, बहन, बहन के बदले बैठ गई?
अब असली शादी तो वहाँ हो रही है ना?
तो हमें तो वहाँ होना चाहिए?
भाई मेरे तो कुछ समझ नहीं आ रहा यार!
बहुत अजीब है सब!","पर यह बता, ____ पूरे दिन कमरे में कर क्या रहा था?","पर यह बता, तू पूरे दिन कमरे में कर क्या रहा था?",तू
IndicDialogue,Tu Jhoothi Main Makkaar,1958103212,790,"जिस्मों के मिलन को रूह का मिलन बनाने की ख्वाहिश रखी ये गलत किया?
या किसी के आग़ोश में ऐसा खोया कि उसका हो गया, ये गलत किया?
हाथ काँप रहे मेरे, ये देख।
अब क्या करूँ? कहाँ जाऊँ?
क्या बताऊँ खुद को कि","जिसे ____ अपना सनम, अपना साथी, अपना साया, अपना सब कुछ मान चुका है","जिसे तू अपना सनम, अपना साथी, अपना साया, अपना सब कुछ मान चुका है",तू
IndicDialogue,Jaadugar,1957742927,449,"लेकिन सच्चा प्यार सच्चा समर्पण माँगेगा।
सच्चा बलिदान माँगेगा, सच्ची कुर्बानी माँगेगा।
गुरु जी बहुत कुर्बानियाँ दी हैं मैंने प्यार में। बताया तो था आपको।
उसे रोकने के लिए अपनी टीम का पूरा मैच खराब कर दिया था मैंने।
कुर्बानी में दर्द होता है मीनू।","और ____ ना तेरी टीम से लगाव है, ना फुटबॉल से।","और तुझे ना तेरी टीम से लगाव है, ना फुटबॉल से।",तुझे
IndicDialogue,Indoo Ki Jawani,1957132233,1160,"क्या मैंने कुछ गलत सुना?
मुझे पता है तू यहाँ क्यों आया है।
तुमने उस शादी में मुझे शराब के नशे में देखा,
फिर सोचा, इस भारतीय लड़की के घर जाता हूँ और अपना झंडा गाड़ के आता हूँ।
तू हाथ तो लगा के दिखा मुझे!",-क्या? -____ अभी के अभी मेरे घर से निकल।,-क्या? -तू अभी के अभी मेरे घर से निकल।,तू
IndicDialogue,Madam Chief Minister,1957179704,1613,"मैंने प्यार किया था आपसे।
भरोसा किया था।
फिर भी ये सब…
क्यों?
उसी चीज़ के लिए…",जिस चीज़ के लिए ____…,जिस चीज़ के लिए आपने…,आपने
IndicDialogue,The Great Indian Family,1958355201,1085,"यह हमारा धर्म भी है, और इज़्ज़त भी।
हम दोनों को खतरे में नहीं डाल सकते।
अच्छा तो खतरा अब हम से हो रहा है क्यूंकि एकाएक हम मुस्लमान बन गए। है ना।
दोस्त हम खतरनाक हो चुके हैं, अब्दुल।
- भैय्या तुम्हारी बात नहीं हो रही है। - बात तो हमारी ही है गूंजा।",और यही बात हमें आज ____ सबसे करनी है।,और यही बात हमें आज आप सबसे करनी है।,आप
IndicDialogue,Tu Jhoothi Main Makkaar,1958103212,1513,"कितने प्यारे लगते हो साथ में, टिहुल।
मुझे तो बहुत जलन हो रही है।
बेबी, मुझे निकलना पड़ेगा, कुछ अर्जेंट काम है।
हाँ!
अच्छा हुआ कि तुम मिल गए आज। वरना बहुत डांट पड़ती इससे।",-____ संभाल लेना। -हाँ।,-तुम संभाल लेना। -हाँ।,तुम
IndicDialogue,Good Newwz,1956816836,1664,"हा-हा-हा।
सत श्री अकाल आंटी जी। क्या हाल हैं?
अच्छा।
किट्टी पर हो?
कर लो, कर लो। बस ऐसे ही किया था।",हम तो ____ पोते को साथ लेकर ही आएँगे।,हम तो आपके पोते को साथ लेकर ही आएँगे।,आपके
IndicDialogue,Axone,1956818787,1285,"- ♪ मस्ताना होता है ♪ - ♪ मस्ताना होता है ♪
- ♪ हर खुशी से हर गम से बेगाना... ♪ -
हाइपर को किसने बुलाया?
लग रहा ना भाई हीरो?
बेटे भारत श्रीलंका का मैच छोड़कर आया हूँ इसके लिए मैं।",वैसे ____ बेन्दांग से मिले?,वैसे तुम बेन्दांग से मिले?,तुम
IndicDialogue,Madam Chief Minister,1957179704,1371,"आमरण अनशन करूँगा साथियो।
-हमारी मांग… -सीबीआई जाँच!
-हमारी मांग… -सीबीआई जाँच!
रामदा प्लाज़ा
बड़ी मेहरबानी जो आप हमारे कहने पर यहाँ आए।",____ तो सबकुछ जानते हैं।,आप तो सबकुछ जानते हैं।,आप
IndicDialogue,Haseen Dillruba,1957295757,947,"‎ कितनी फ़ोटो खींचते रहते हो?
‎अगले हफ्ते की वापसी है मेरी।
‎ठीक है, तो अगले हफ्ते मैं भी ‎दिल्ली निकल लूँगी।
‎फिर तुम्हारे पास।
‎अच्छा, ये बताओ",‎मटन हो पाएगा ____?,‎मटन हो पाएगा तुमसे?,तुमसे
IndicDialogue,Jaadugar,1957742927,1951,"क्या जोड़ी है आपकी, बहुत बढ़िया!
तेरी और इकरार की जोड़ी सही है, दीपा।
मतलब उसने तेरे को अपना पोजीशन दे दिया, अब बदले में पता नहीं तूने क्या दिया?
हमें भी बॉल दे सकती है दीपा। सिर्फ इकरार को देनी ज़रूरी है क्या?
हमारी कॉलोनी आ जा दीपा। एकदम फॉरवर्ड खिलाएँगे, फॉरवर्ड।","बस वही करना, जो ____ इकरार के लिए करती है।","बस वही करना, जो तू इकरार के लिए करती है।",तू
IndicDialogue,Good Newwz,1956816836,1801,"देखो भाईसाहब, झूठ नहीं बोलूँगा।
मैंने आपको यहाँ इसलिए बुलाया क्योंकि मुझे अपने बच्चे की फ़िक्र है।
ये आपकी नौकरी के चक्कर में मेरे बच्चे को कुछ हो गया ना
तो मैं ना सबकी बैंड बजा दूँगा।
ओ तू है कौन; बैंड बजाने वाला?",तेरी जोकरी सह लेता हूँ इसका ये मतलब नहीं कि ____ कुछ भी बोलता चला जाए।,तेरी जोकरी सह लेता हूँ इसका ये मतलब नहीं कि तू कुछ भी बोलता चला जाए।,तू
IndicDialogue,Jaane Jaan,1958289341,204,"मैं सारी पुरानी बातें भूल चुका हूँ।
तुम भी भूल जाओ न, यार।
क्या चाहिए तुम्हें?
छुओ मत मुझे।
सिर्फ तुम्हारा साथ चाहिए।","क्या हम दोबारा एक परिवार नहीं हो सकते? ____, मैं…","क्या हम दोबारा एक परिवार नहीं हो सकते? तुम, मैं…",तुम
IndicDialogue,Madam Chief Minister,1957179704,1670,"मगर मैं, जिद्दी हूँ।
बचपन से अख्खड हूँ।
कोई कितने भी सितम कर ले।
कितने भी बलिदान देने पड़े मुझे।
तुम्हारी आवाज़ उठाने से,","____ सेवा करने से,","तुम्हारी सेवा करने से,",तुम्हारी
IndicDialogue,The White Tiger,1957077990,409,"‏तो, बलराम, तुम्हें पता है ‏इंटरनेट क्या होता है?
‏नहीं, सर, पर मैं अभी ‏गाड़ी लेकर बाज़ार जा सकता हूँ
‏-और आपको जितने चाहिए ले आऊँगा। ‏-नहीं, कोई बात नहीं। शुक्रिया।
‏तुम्हारे पास फ़ेसबुक है?
‏हाँ, सर। मुझे हमेशा किताबों से प्यार था।",‏मैंने सुना कि ____ पढ़ना आता है। ‏कभी कंप्यूटर देखा है?,‏मैंने सुना कि तुम्हें पढ़ना आता है। ‏कभी कंप्यूटर देखा है?,तुम्हें
IndicDialogue,Lust Stories 2,1958186552,130,"ध्यान रखो, उसके साथ सेक्स अच्छा हो।
दादी!
समझ गई!
समझ गई!
लेकिन... मैंने आपकी ये साइड पहले क्यों नहीं देखी?","दादी, ____ बहुत जुनूनी हो! बहुत सेक्सी हो!","दादी, आप बहुत जुनूनी हो! बहुत सेक्सी हो!",आप
IndicDialogue,Tu Jhoothi Main Makkaar,1958103212,1940,"डेकोरेटर को समझा दियो, गलती से भी ऑर्किड ना लगा दे
किंची को कतई पसंद नहीं है।
और केटरर को बता दे 50 लोगों का खाना बिना प्याज़-लहसुन के बनेगा।
और पन्नु को दस-बारह इनोवा के लिए भी बोल दियो।
भैया, भाभी आ गई!",उतरेगी ____?,उतरेगी तू?,तू
IndicDialogue,Shehzada,1958077493,913,"बुलाओ। मैं सच बताना चाहती हूँ कि तुम उनके बेटे हो।
रणदीप को बुलाओ। रणदीप को बुलाओ। मुझे उन्हें बताना है।
-बुलाओ उनको। बुलाओ उनको! -वो अंदर हैं--
ये पेशेंट यहाँ क्यों है?
-सिस्टर। -यस, डॉक्टर।",क्या कर रही हो ____?,क्या कर रही हो तुम?,तुम
IndicDialogue,Jaane Jaan,1958289341,223,"-गुड नाइट, टीचर। -गुड नाइट।
तीस्ता जूजीत्सू क्लब
नरेन-सन
अभ्यास करें?
मम्मा, मैं ऊब गई हूँ। क्या करूँ?",____ जो करना है कर। बस मेरा दिमाग मत खा।,तुझे जो करना है कर। बस मेरा दिमाग मत खा।,तुझे
IndicDialogue,Indoo Ki Jawani,1957132233,1156,"और मीटिंग खत्म करते हैं।
मुझे देखने दो क्या हुआ।
हाथ कैसे लगाया तूने मुझे आतंकवादी!
आतंकवादी?
क्या मैंने कुछ गलत सुना?",मुझे पता है ____ यहाँ क्यों आया है।,मुझे पता है तू यहाँ क्यों आया है।,तू
IndicDialogue,Tu Jhoothi Main Makkaar,1958103212,1373,"पैसे आए न इसके?
ये ले पैसे, ये ले ठूस ले पैसे।
भाई, लेकिन इतिहास में लिखा जाएगा तेरा नाम।
तू पहला मर्द है,
जो अपनी गर्लफ़्रेंड से ब्रेकअप के पैसे ले रहा है।",____ तो गर्व होना चाहिए।,तुझे तो गर्व होना चाहिए।,तुझे
IndicDialogue,The Great Indian Family,1958355201,1388,"हम इन्ही को तीन साल से नीरजा बताके फ्रेंडशिप फ्रेंडशिप खेल रहे।
हैं?
अब देखो सब सच बोल रहे हैं कि नहीं बोल रहे हैं,
तो इसको हमारा कॉन्ट्रीब्यूशन समझ लिया जाए!
बताओना।",डीएनए टेस्ट के लिए ब्लड सैंपल लिया जायेगा ____ और बिल्लू भैया का..,डीएनए टेस्ट के लिए ब्लड सैंपल लिया जायेगा आपका और बिल्लू भैया का..,आपका
IndicDialogue,The White Tiger,1957077990,1462,"‏ पता है तुम क्या कर रहे थे।
‏सर, प्लीज़, मुझसे नाराज़ मत होना।
‏तुम मेरी सेहत के लिए ‏दुआ माँगने मंदिर गए थे।
‏जी, सर।
‏हाँ, सर, मुझे आपकी बहुत चिंता हो रही थी।",‏ ____ नाम पर ‏हमने 101 रुपया चढ़ाया है।,‏ आपके नाम पर ‏हमने 101 रुपया चढ़ाया है।,आपके
IndicDialogue,Indoo Ki Jawani,1957132233,74,"नया लड़का
♪ इंदू की जवानी!♪
देवियो और सज्जनो, नई दिल्ली में आपका स्वागत है।
उड़ान संख्या ए6785 पर यात्रा करने वाले यात्री हैदराबाद से नई दिल्ली…
बेल्ट नंबर 5 से अपना सामान ले सकते हैं।",{\an8}राजन बख्शी ____ स्वागत है राहुल वर्मा,{\an8}राजन बख्शी आपका स्वागत है राहुल वर्मा,आपका
IndicDialogue,Jaadugar,1957742927,598,"अविनाश जी!
अविनाश जी ऐसा मत करिए, प्लीज़।
एक मौका तो दीजिए हमें।
ट्रॉफी जीतेंगे, इस साल।
प्रदीप जी सपनों की एक सीमा होती है।",पिछले साल ____ टीम ने एक गोल मारा था।,पिछले साल आपकी टीम ने एक गोल मारा था।,आपकी
IndicDialogue,Jaane Jaan,1958289341,679,"या आप खुद स्वीकार न कर लें।
तो, पुलिस को बता देना ही अच्छा नहीं होगा, टीचर?
नहीं।
आप बस वही कीजिए जो मैंने आपको कहा है।
टीचर, पर पता नहीं मैं कर सकती…","____ कर सकती हैं, मिसेज़ डिसूज़ा। बहुत आसान है।","आप कर सकती हैं, मिसेज़ डिसूज़ा। बहुत आसान है।",आप
IndicDialogue,Jaadugar,1957742927,476,"-फिर भी उठा लाया? -अभी बदलता हूँ।
अरे तो…
हाँ, जी?
अरे दूल्हे राजा, आप यहाँ?
दूल्हे राजा वहाँ बैठे हैं। मैं तो जादू दिखने आया हूँ।",जाइए ना आप। ____ शो एंजॉय करिए वहाँ पे।,जाइए ना आप। आप शो एंजॉय करिए वहाँ पे।,आप
IndicDialogue,Good Newwz,1956816836,1985,"मैं गाड़ी चला लूँगी बेटा। तू चिंता ना कर।
चुप रहो, माँ! आप बुरी ड्राईवर हो।
-अरे थोड़ा तो मैं भी चला लेता हूँ। -प्लीज़ डैड।
-आह। -फ़ोन कहाँ है तुम्हारा?
अरे कैब 11 मिनट दिखा रही है।",पासवर्ड क्या है ____?,पासवर्ड क्या है तुम्हारा?,तुम्हारा
IndicDialogue,Tu Jhoothi Main Makkaar,1958103212,2151,"मैं, मिक्की...
ले ओथ।
मैं मिक्की, अपने पूरे होश-ओ-हवास में, ईश्वर को साक्षी मान ये...
किसने बताया?
छोड़ न वो। उससे क्या फ़र्क पड़ता है?",____ ओथ ले।,तू ओथ ले।,तू
IndicDialogue,Good Newwz,1956816836,1210,"ये बच्चे का दिल है।
धड़क रहा है।
आप ये मुझे क्यों दिखा रही हैं?
क्योंकि मैं जानती हूँ तुम्हें माँ बनने की कितनी चाहत है।
देखो आख़िरी फ़ैसला तुम्हारा है।",मैं किसी भी तरह ____ रोकना नहीं चाहती और खासकर इस केस में तो बिलकुल नहीं।,मैं किसी भी तरह तुम्हें रोकना नहीं चाहती और खासकर इस केस में तो बिलकुल नहीं।,तुम्हें
IndicDialogue,Tu Jhoothi Main Makkaar,1958103212,2286,"तू पास्ट टेंस में बात कर रहा है।
मैं भूल गई थी...
प्यार कुर्बान हो चुका है।
नहीं।
तीस साल का प्यार है मेरा।",____ मेरा सातवाँ प्यार है।,तू मेरा सातवाँ प्यार है।,तू
IndicDialogue,Dhamaka,1957450323,1359,"‪सच किसी को नहीं चाहिए।
‪मैंने रिश्वत नहीं ली, रघुबीर जी।
‪मैं सिर्फ़ वही कर रहा था जो न्यूज़ चैनल ‪वाले मुझसे करवाना चाह रहे थे।
‪रघुबीर जी, मैं भी आपकी तरह ‪इस सिस्टम का एक पुर्ज़ा हूँ।
‪और आज मुझे बलि का बकरा बनाया है ‪क्योंकि मैं आपकी मदद कर रहा हूँ।",‪मैं ____ माफ़ी दिलवाना चाह रहा हूँ।,‪मैं आपको माफ़ी दिलवाना चाह रहा हूँ।,आपको
IndicDialogue,Good Newwz,1956816836,1265,"अरे वाह!
अपने से ज़्यादा बेहतर है।
अरे, भाईसाहब हैलो।
अच्छा पूरे इंडियन।
मैं बाहर 'वरुण और दीप्ति का घर' पढ़कर ही समझ",गया था ____ संस्कार।,गया था आपके संस्कार।,आपके
IndicDialogue,Darlings,1957768015,496,"‎ क्या? क्या बोल रही है?
‎तू डर मत। साब हैं न, तू डर मत। तू बोल।
‎साब, वो मुझे नहीं मारते। उनको जाने दो।
‎अरे छोकरी, क्या बोल रही है, ‎तेरे को मालूम है?
‎नहीं, इसको नहीं मालूम है। ‎पागल हो गई है लड़की।",‎-अम्मी। ‎-____ दस्तख़त कर न!,‎-अम्मी। ‎-तू दस्तख़त कर न!,तू
IndicDialogue,Shehzada,1958077493,1907,"हमें कुछ नहीं पता।
लौंडों और उम्मीदों,
सब उड़ा कर ले गया!
वेस्पा
मैं उसे घर लाया क्योंकि मैं सच जानता था।",वो ____ बेटा है,वो तुम्हारा बेटा है,तुम्हारा
IndicDialogue,Axone,1956818787,809,"तू क्यों नहीं सुनता है?
तुम लोग बातें करो।
अरे जा ना! पीछे जा, उसको मना। अपनी स्कूटर पर बिठा। घूमा पूरी दिल्ली!
जान तुम शक बहुत करती हो, बस
- तुम्हारी यही खराबी है। - यह शक कर रही हूँ मैं?",____ सामने- सामने लड़कियों को लेकर घूम रहा है। हर दो घंटे में!,तू सामने- सामने लड़कियों को लेकर घूम रहा है। हर दो घंटे में!,तू
IndicDialogue,Tu Jhoothi Main Makkaar,1958103212,1057,"ख़ुश टाइप।
एक मीटिंग में और कितना ही पता चलता है।
बाकी, तूने चुना है,
कुछ सोच-समझ के ही चुना होगा।
सिर्फ़ लुक के चक्कर में तो नहीं चुन लिया होगा।",____ श्योर है न?,तू श्योर है न?,तू
IndicDialogue,Tu Jhoothi Main Makkaar,1958103212,710,"तू झूठी, मैं मक्कार,
होना ही था प्यार।
गुड मॉर्निंग, बेबी।
बेबी साउंड तो सही कर रहा है, नहीं?
क्या कर रहा है ये?",क्या हुआ ____?,क्या हुआ तुझे?,तुझे
IndicDialogue,Darlings,1957768015,572,"‎रोज़ कितना लोग सफ़र करते हैं ‎मालूम है ट्रेन से? सत्तर लाख।
‎उसमें से ऐसे ही ‎फोकटिया रहते हैं, लैला-मजनूँ।
‎सही है, सर। हिंदुस्तान का ‎सबसे बड़ा मसला है, आबादी।
‎-पहले वाला आइडिया अच्छा था, सर। नसबंदी का। ‎-हाँ।
‎वो चीन की नीति सही थी। ‎एक बच्चे वाली नीति। एक ही बच्चा।","‎____ कितने बच्चे हैं, सर?","‎आपके कितने बच्चे हैं, सर?",आपके
IndicDialogue,Hit the First Case,1957795759,527,"मुझे उससे बात कर लेनी चाहिए थी।
कितने कॉल्स किए उसने मुझे, यार।
शायद वो हेल्प के लिए कॉल कर रही थी। पता नहीं।
-हम लोग पूरी कोशिश कर रहे हैं। - नेहा की मॉम।
आंटी।","आंटी, मैं जानता हूँ, ____ मुझे पसंद नहीं करती हैं,","आंटी, मैं जानता हूँ, आप मुझे पसंद नहीं करती हैं,",आप
IndicDialogue,Guilty,1956804853,903,"‎मुझे जाना था ना।
‎वह मेरी स्कॉलरशिप के लिए ‎मेरी रिकमेन्डेशन लिख रहा है।
‎-मुझे उम्मीद नहीं है कि तुम समझोगे। ‎-क्यों?
‎बोल ना क्या बोलना चाहती है।
‎बोल।","‎मेरे पास ____ जितने विशेष अधिकार नहीं हैं, है ना?","‎मेरे पास तुम्हारे जितने विशेष अधिकार नहीं हैं, है ना?",तुम्हारे
IndicDialogue,Jaadugar,1957742927,691,"राम… रामस्वरूप। एक… एक… एक…
भाई! एक-एक करके पूरा एल्बम सुना दिया तूने भाई।
रजिस्ट्रेशन को दो हफ़्ते ही बचे हैं।
काम की बात कर लें?
बस ये… ये आख़िरी है, ये वाला आख़िरी है प्रदीप जी।",फुटबॉल का प्रेमगीत है। ____ ही के लिए लिखा है।,फुटबॉल का प्रेमगीत है। आप ही के लिए लिखा है।,आप
IndicDialogue,Hit the First Case,1957795759,278,"ऑफिसर इन चार्ज इतनी लंबी छुट्टी पे जाएगा तो डिपार्टमेंट कैसे चलेगा?
रोहित संभाल लेगा।
अचानक क्या हो गया?
{\an8}निजी कारण हैं, सर।
मुझे तो याद भी नहीं आ रहा है कि पिछली बार तुमने छुट्टी कब माँगी थी।",____ ब्रेक डिज़र्व करते हो।,तुम ब्रेक डिज़र्व करते हो।,तुम
IndicDialogue,Haseen Dillruba,1957295757,1355,"‎♪  जैसे बिछड़ा न तू  ♪
‎♪  मिला यूँ  ♪
‎♪  खिला यूँ  ♪
‎♪  जैसे बिगड़ा न तू  ♪
‎♪  खिला यूँ  ♪","‎♪  मेरा है, ____ मेरा  ♪","‎♪  मेरा है, तू मेरा  ♪",तू
IndicDialogue,Axone,1956818787,1265,"बस अभी।
यहाँ आने से पहले।
मुझे वह नई नौकरी के लिए ईमेल का उत्तर देना था।
मैं उत्तर दे ही नहीं पाई, समझे ना।
मैंने बेन्दांग से बहुत इंतज़ार करवा लिया।",लेकिन सुन न! ____ वहाँ करेगी क्या?,लेकिन सुन न! तू वहाँ करेगी क्या?,तू
IndicDialogue,Good Newwz,1956816836,167,"गुड न्यूज़
ओ भाईसाहब! थोड़ा और धीरे चलाएँगे? हमें उल्टा जाना है।
अरे, तेज़ चला लो यार!
नहीं तो फ़्लाइट मिस हो जाएगी।
तुम्हें हो क्या गया है?",दो साल पहले तक तो ____ बच्चे बिलकुल नहीं चाहिए थे और अब...,दो साल पहले तक तो तुम्हें बच्चे बिलकुल नहीं चाहिए थे और अब...,तुम्हें
IndicDialogue,Shehzada,1958077493,1947,"लेकिन जब एक माँ की मुस्कान चली गई हो,
एक बेटा कैसे खुश रह सकता है?
जब तक इन कंधों में ताकत है,
अपने पिता की कमजोरी कैसे बर्दाश्त कर सकता है?
अपने नाना का दुख कैसे सह सकता है?","जब पता चला ____ लोग मुश्किल समय से गुजर रहे हैं,","जब पता चला आप लोग मुश्किल समय से गुजर रहे हैं,",आप
IndicDialogue,Indoo Ki Jawani,1957132233,960,"हिंदुस्तानी लड़की हूँ मैं, बहुत भावुक।
भावुक का हिन्दुस्तानी से क्या संबंध?
मेरा मतलब, दुनिया में हर जगह लड़कियाँ भावुक ही होती हैं। लड़के भी होते हैं।
क्या ख़ाक भावुक होते हैं।
ब्रेकअप हुआ नहीं कि 15 दिन में दूसरी लड़की को बाइक पे लेके घुमा रहा था।",____ कैसे पता कि वो लड़की उसकी नई गर्लफ्रेंड है?,तुम्हें कैसे पता कि वो लड़की उसकी नई गर्लफ्रेंड है?,तुम्हें
IndicDialogue,Hit the First Case,1957795759,1354,"सर।
जब तक ये बताती नहीं है बॉडी किसकी है, थर्ड डिग्री रुकना नहीं चाहिए।
विक्रम।
विक्रम।
वो बॉडी प्रीति की है।",प्रीति ____ अपना दोस्त मानती थी।,प्रीति तुम्हें अपना दोस्त मानती थी।,तुम्हें
IndicDialogue,Tu Jhoothi Main Makkaar,1958103212,1914,"अगर तू मेरा ब्रेकअप कराने में कामयाब हो जाता तो मैं आज बाप ना बन रहा होता।
ज़िंदगी खराब कर दी तूने मेरी!
तुझ जैसे दोस्त से दुश्मन अच्छा है!
दो दुश्मन अच्छे हैं।
तीन भी चलेंगे।",____ पता है हम दोनों टकराने वाले हैं गोदभराई पर,तुझे पता है हम दोनों टकराने वाले हैं गोदभराई पर,तुझे
IndicDialogue,The Great Indian Family,1958355201,90,"- हा..हा..हा.. तुम्हारी यहीं बातें ना.. - चलें... बाँध दे एक-एक किलो सब..?
अरे तीन-तीन किलो.. बिल्लू का प्रोग्राम है आज।
शायद मक्खियों को सिक्स सेंस होता है
और उन्हें पता था कि हमारा क्या प्रोग्राम बनने वाला है।
- जनेऊ। - यज्ञोपवी संस्कार।",____ ब्राह्मण बनने का हैप्पी बर्थडे।,तुम्हारा ब्राह्मण बनने का हैप्पी बर्थडे।,तुम्हारा
IndicDialogue,Ginny Weds Sunny,1956951114,857,"‎उनका मसूरी  में होटल है। ‎हम वो बुक कर लेंगे। कोई दिक्कत नहीं है।
‎तुम दोनों मसूरी जा रहे हो?
‎दोनों नहीं हम... सारे ही जा रहे हैं, ‎सिर्फ़ निशांत नहीं।
‎बिल्कुल!
‎हमारा बहुत पहले का प्लान था, यार।",‎____ चलेगा?,‎तू चलेगा?,तू
IndicDialogue,Darlings,1957768015,1180,"‎ए, प्रेम दीवानो, किधर ले गए हमज़ा को?
‎साब, प्रेम दीवाने?
‎ज़ुल्फ़ी मेरे भाई जैसा है।
‎- अच्छा, ये? तू भाई बन गया? ‎-हाँ।
‎-साब? ‎-हाँ?",‎-____ समझ नहीं रहे हैं। ‎-क्या?,‎-आप समझ नहीं रहे हैं। ‎-क्या?,आप
IndicDialogue,The Great Indian Family,1958355201,24,"उस दिन हम भी एक पेड़ के नीचे बैठे थे
और हमारे लाइफ की थ्योरी हमारे सर पे इतनी जोर से गिरने वाली थी कि क्या बताएं,
लेकिन हमको पता नहीं था उस टाइम
क्यूंकि हम सांप सीढ़ी खेल रहे थे।
हमारा पसंदीदा गेम था। और एक दम से...",हम भी खेलें ____ साथ?,हम भी खेलें तुम्हारे साथ?,तुम्हारे
IndicDialogue,Haseen Dillruba,1957295757,461,"‎ ये।
‎लाओ। सुबह सात बजे चाय मांगना, फीकी।
‎और जैसे ही लाएगी, ‎बोलना हमने तो चीनी बोली थी।
‎हैं।
‎थोड़ा रौब रखना तुम, ठीक है?",‎उनको उत्तेजना महसूस होगी। ‎____ आगे-पीछे दौड़ेगी वो।,‎उनको उत्तेजना महसूस होगी। ‎तुम्हारे आगे-पीछे दौड़ेगी वो।,तुम्हारे
IndicDialogue,Jaane Jaan,1958289341,206,"क्या चाहिए तुम्हें?
छुओ मत मुझे।
सिर्फ तुम्हारा साथ चाहिए।
क्या हम दोबारा एक परिवार नहीं हो सकते? तुम, मैं…
हमारी बेटी।",____ कैसे जानते हो तारा के बारे में?,तुम कैसे जानते हो तारा के बारे में?,तुम
IndicDialogue,The White Tiger,1957077990,1028,"‏-बाहर आओ। बच्चे से ऐसे बात नहीं कर सकते। ‏- क्या कर रही हो?
‏-बाहर आओ। ‏-नहीं, मैडम। मुझे ही गाड़ी चलानी चाहिए।
‏- कार से बाहर निकलो। ‏-सर?
‏-बात माननी पड़ेगी। ‏- बलराम।
‏यह तुम्हारे लिए है।",‏____ आज रात ‏तुम्हारे बुद्ध के साथ यहीं छोड़ रही हूँ।,‏तुम्हें आज रात ‏तुम्हारे बुद्ध के साथ यहीं छोड़ रही हूँ।,तुम्हें
IndicDialogue,Shehzada,1958077493,1309,"इस मॉडल का नाम क्या है?
आरआर।
लगता है राजामौली की गाड़ी है।
वाह।
सूट और गाड़ी दोनों भाड़े के लग रहे हैं।",____ लेने से पहले सेल्फ़ी ले लें?,आपकी लेने से पहले सेल्फ़ी ले लें?,आपकी
IndicDialogue,Indoo Ki Jawani,1957132233,89,"रोक, रोक!
गाड़ी रोको।
रोक!
चल भाई, लाइसेंस निकाल।
क्यों सर? किया क्या है हमने?","ओह भाई! यह रोड़ है, आकाश नहीं कि ____ अपना हवाईजहाज पूरी रफ़्तार से उड़ा रहा है।","ओह भाई! यह रोड़ है, आकाश नहीं कि तुम अपना हवाईजहाज पूरी रफ़्तार से उड़ा रहा है।",तुम
IndicDialogue,Tu Jhoothi Main Makkaar,1958103212,1371,"और मेरे पाप?
साले, आधा हिस्सा लेता है तू।
पैसे आए न इसके?
ये ले पैसे, ये ले ठूस ले पैसे।
भाई, लेकिन इतिहास में लिखा जाएगा तेरा नाम।","____ पहला मर्द है,","तू पहला मर्द है,",तू
IndicDialogue,Dhamaka,1957450323,1261,"‪- सर, आमने-सामने? ‪- जी, आमने-सामने।
‪ मतलब, हम सामने आएंगे, वो माफ़ी ‪देंगे क्या? आप यह कह रहे हैं?
‪जी, बिलकुल। जैसा आप चाहते थे, वैसा होगा।
‪ नहीं, नहीं। ‪हमें भरोसा नहीं हो रहा है।
{\an8}‪भरोसा नहीं आ रहा है आप पर। ‪भरोसा कैसे करें?",{\an8}‪कैसे करें मतलब? ____ ने ही तो ‪मुझे कहा था कि आप मुझ पर भरोसा करते हैं।,{\an8}‪कैसे करें मतलब? आप ने ही तो ‪मुझे कहा था कि आप मुझ पर भरोसा करते हैं।,आप
IndicDialogue,Tu Jhoothi Main Makkaar,1958103212,2306,"मैं ऐसी लाइफ़ नहीं देना चाहता तुझको।
ये तो चीटिंग होगी न।
मैं खुश हूँ तेरे साथ।
तू आज खुश है।
तू ग्यारंटी ले सकती है हमेशा खुश रहेगी",और आगे चल के ____ कभी ऐसा नहीं लगेगा कि तूने मेरे लिए,और आगे चल के तुझे कभी ऐसा नहीं लगेगा कि तूने मेरे लिए,तुझे
IndicDialogue,Ginny Weds Sunny,1956951114,987,"‎तू बता, तुझे कहां करनी है शादी?
‎कुछ अलग होना चाहिए।
‎डेस्टिनेशन वेडिंग तो सभी करते हैं।
‎मुझे कुछ अलग चाहिए।
‎ओए-होय मेरी मैगी सॉस,",‎खा जाऊँ ____?,‎खा जाऊँ तुझे?,तुझे
IndicDialogue,Good Newwz,1956816836,687,"तो पूरी तरह शांत रहिए।
उह।
- -डॉक्टर जोशी का फ़ोन है।
पर अभी तो बारह दिन ही हुए हैं।
हैलो।","श्रीमती बत्रा, क्या ____ और आपके पति एक छोटी सी जाँच के लिए अस्पताल आ सकते हैं?","श्रीमती बत्रा, क्या आप और आपके पति एक छोटी सी जाँच के लिए अस्पताल आ सकते हैं?",आप
IndicDialogue,Good Newwz,1956816836,94,"शुक्राणु की बात नहीं है, वादे की बात है।
तुम्हें क्या लगता है, मेरा मन नहीं करता दोस्तों के साथ घूमने-फिरने का?
पर मुझे पता है कि ज़रूरी क्या है।
थोड़ी सी तो समझदारी दिखाया करो, यार।
तुमने तो बड़ी समझदारी दिखा रखी है।",डॉक्टर ने ____ क्या कहा था कि अपने सोने की आदत का ध्यान रखो।,डॉक्टर ने तुम्हें क्या कहा था कि अपने सोने की आदत का ध्यान रखो।,तुम्हें
IndicDialogue,The White Tiger,1957077990,227,"‏उन सब की कसम खाओ ‏कि अपनी कमाई की एक-एक पाई,
‏-हर महीने, अपनी दादी के पास भेजोगे। ‏-
‏-कसम खाते हैं। ‏-क्या दाँत फाड़ रहा है?
‏मारो चिकोटी और खाओ कसम!
‏चिकोटी खा रहे हैं! दादी, आप सोचिए…",‏____ गाँव की सबसे अमीर औरत बन सकती हैं।,‏आप गाँव की सबसे अमीर औरत बन सकती हैं।,आप
IndicDialogue,Good Newwz,1956816836,1735,"ऐ! चीयर्स।
भाईसाहब का लगाव है बच्चे से?
पता नहीं।
हनी?
उनका तो लगाव है,",पर उन्हें न ____ ज़्यादा चिंता रहती है।,पर उन्हें न आपकी ज़्यादा चिंता रहती है।,आपकी
IndicDialogue,Shehzada,1958077493,1620,"तूने दूध माँगा, तुझे खीर मिली, वो भी बादाम के दूध वाली।
भाई, इसे कहते हैं नेपोटिज़्म।
तू है कौन?
तेरे खुद के सपने हैं कि नहीं?
तेरी मंगेतर ने मेरी पप्पी ले ली,",और ____ डिसाइड नहीं कर पा रहा है कि तू गुस्सा है कि नहीं।,और तू डिसाइड नहीं कर पा रहा है कि तू गुस्सा है कि नहीं।,तू
IndicDialogue,Hit the First Case,1957795759,375,"हाँ, लक्ष्मी, प्रीति घर आई क्या?
नहीं।
नहीं, कुछ नहीं।
नहीं सर, वो घर नहीं आई है।
अरे, इधर-उधर गई होगी।",____ आराम से घर जाओ।,आप आराम से घर जाओ।,आप
IndicDialogue,Haseen Dillruba,1957295757,1502,"‎-नहीं तो एक पड़ेगा। ‎- बिंदिया।
‎ ठीक से याद नहीं आएगा यहाँ पे।
‎इसको अंदर ले जा और अच्छे से याद दिला।
‎ ‎क्या कह रही थी, हाँ?
‎प्यार पागलपन है।","‎चल, ____ मैं दिखाती हूँ। ला दे।","‎चल, तुझे मैं दिखाती हूँ। ला दे।",तुझे
IndicDialogue,Good Newwz,1956816836,488,"दीप्ति के अंडे
और आपके शुक्राणु को
आपके शरीर से निकालकर हमारी लैब में फ़र्टिलाइज़ करेंगे।
भारत की सबसे अच्छी लैब में से एक
-वैसे! -बिलकुल।","और जब एम्ब्रियो बन जाएगा, हम उसे फिर ____ शरीर में डाल देंगे।","और जब एम्ब्रियो बन जाएगा, हम उसे फिर आपके शरीर में डाल देंगे।",आपके
IndicDialogue,Hit the First Case,1957795759,1042,"सर, जिसने भी नोट लिखा है ना जानबूझकर ऐसे छोटे-छोटे स्ट्रोक्स में लिखा है।
अगर ये नॉर्मल हैन्डराइटिंग होती तो फिर भी इसे कंपेयर किया जा सकता था।
सॉरी, सर।
मैं इसको एनलाइज़ नहीं कर पाऊँगा।
कोई फिंगरप्रिन्ट मिला?","{\an8}शीला, मोहन, लक्ष्मी और ____ प्रिंट हैं।","{\an8}शीला, मोहन, लक्ष्मी और तुम्हारे प्रिंट हैं।",तुम्हारे
IndicDialogue,The White Tiger,1957077990,103,"‏किसी भी भूले-बिसरे गाँव का ‏कोई भी गरीब लड़का
‏बड़ा होकर भारत का प्रधानमंत्री बन सकता है।
‏जंगल का ऐसा कौन सा दुर्लभ जानवर है
‏जो एक पीढ़ी में ‏सिर्फ़ एक बार पैदा होता है?
‏द व्हाइट टायगर।",‏और ____ वही हो। द व्हाइट टायगर।,‏और तुम वही हो। द व्हाइट टायगर।,तुम
IndicDialogue,Indoo Ki Jawani,1957132233,634,"मेरी माँ एयरहोस्टेस थीं।
दीदी?
अरे दीदी के भैया यार थोड़ी देर रूक जाओ।
देख नहीं रहे हम कितना ज़रूरी काम कर रहे हैं।
उसको पूछ डिंडर पर क्या कर रहा है?",____ यहाँ क्या कर रहे हो?,तुम यहाँ क्या कर रहे हो?,तुम
IndicDialogue,Ginny Weds Sunny,1956951114,468,"‎ओये, क्या कर रहा है तू? क्या हुआ इसे?
‎सन्नी, किचन में क्यों जा रहा है, बेटा?
‎-सारा तो खान बना दिया है मैंने। ‎-कोई नहीं, तू खीर बना दे।
‎और बादाम छोटे-छोटे काटकर डालना प्लीज़।
‎मम्मी, मैं तो कहती हूं भैया को रोज़ ‎एक लड़की से मिलवा दो",‎____ खाना बनाने की ना पर्मानेंट छुट्टी हो जाएगी।,‎आपके खाना बनाने की ना पर्मानेंट छुट्टी हो जाएगी।,आपके
IndicDialogue,Jaadugar,1957742927,757,"मीनू: बाल्कनी पे आ!
मीनू: हैडफ़ोन्स लगा
दिशा!
अरे! यहाँ देख।
यहाँ।",वो… आज शाम ____ मेरे शो पे नहीं आ पाई ना।,वो… आज शाम तू मेरे शो पे नहीं आ पाई ना।,तू
IndicDialogue,Axone,1956818787,137,"- इतनी देर तक करने की शक्ति है तेरे में? - तेरे को पता है कितना मस्त
आवाज़ निकालती हैं ये?
ज़रा सुनिए!
अभी क्या बोला आपने?
क्या हो गया?","जो अभी- अभी बोल रहे थे, क्या बोल रहे थे ____?","जो अभी- अभी बोल रहे थे, क्या बोल रहे थे आप?",आप
IndicDialogue,Ginny Weds Sunny,1956951114,1727,"‎लेकिन कम से कम तू तय तो कर ले।
‎हम्म।
‎ठीक है।
‎अच्छा चल,
‎अब तू मुझसे माफ़ी माँग।",‎मैं ठीक थी और ____ गलत।,‎मैं ठीक थी और तू गलत।,तू
IndicDialogue,Indoo Ki Jawani,1957132233,1818,"तो क्या तुझे इसके पास यहीं छोड़ देता?
अरे अक्ल के अंधे कुछ तो मदद लेकर वापस आता।
पुलिस को बताता।
पास में जगराता चल रहा है।
वहाँ जाकर किसी से मदद लाता।","____ एक पाकिस्तानी हो, सलमान खान नहीं।","तुम एक पाकिस्तानी हो, सलमान खान नहीं।",तुम
IndicDialogue,Ginny Weds Sunny,1956951114,1576,"‎कि मैं तुझे इतनी अच्छी तरह नहीं जानती हूं ‎जितना मुझे लगता है।
‎कोई ना!
‎आपको समझ आया तो सही।
‎रोओ मत मम्मा।
‎तू एक काम कर।",‎____ जला दे इस कार्ड को।,‎तू जला दे इस कार्ड को।,तू
IndicDialogue,Ginny Weds Sunny,1956951114,1373,"‎हाँ, निशांत भाई, ऐसा मत करो।
‎-निशांत! ‎-लग जायेगी।
‎यह कौन था छोटा भीम?
‎तुम्हें हो क्या गया है, निशांत?
‎अरे, तेरे सन्नी ने दिमाग खराब कर दिया, गिन्नी।","‎-कर दूँ, तो तेरा दिमाग ठीक अब? ‎-सन्नी, ____ अब हद पार रहा है।","‎-कर दूँ, तो तेरा दिमाग ठीक अब? ‎-सन्नी, तू अब हद पार रहा है।",तू
IndicDialogue,Dhamaka,1957450323,770,"‪ जी, मैंने आपको बताया कि मेरे पास ‪इस बात को लेकर कोई आधिकारिक जानकरी नहीं।
‪ देखिए, सरकार के बैठे रहने से ‪अगर लोगों की जान जाती है,
{\an8}‪तो जनता आपको माफ़ नहीं कर पाएगी।
‪मैं प्रवीण कामत हूँ, ‪काउंटर-टैररिज़्म यूनिट से।
‪आप बाहर जाइए। मैं इसे संभालूँगा।","‪- ____ सुन पा रहे हैं? ‪- जी, हम पूरी कोशिश कर रहे हैं।","‪- आप सुन पा रहे हैं? ‪- जी, हम पूरी कोशिश कर रहे हैं।",आप
IndicDialogue,Lust Stories 2,1958186552,843,"सर, मेरा गाँव। इधर मैकेनिक मिलेगा आपको।
थैंक यू।
सर, आपकी गाड़ी विंटेज है।
- कोई पार्ट भी चला गया तो... - अरे एक बार जाके आप ट्राइ तो करो ना।
चल।",और ____ पास कोई फ़ोन है क्या?,और आपके पास कोई फ़ोन है क्या?,आपके
IndicDialogue,Shehzada,1958077493,1228,"नौकर सूट में घूम रहे हैं, और मालिक चड्डी में।
-सर। -हे, घर का कैसा लगा?
एकदम स्वर्ग जैसा।
इतना खूबसूरत है कि लग रहा है मैं मर चुका हूँ।
लेकिन एक बात मुझे पसंद नहीं आई।","____ लोग इतने सारे हो कर भी एक नहीं हो,","आप लोग इतने सारे हो कर भी एक नहीं हो,",आप
IndicDialogue,Jaane Jaan,1958289341,200,"अब मुझे सीधे रास्ते पर चलना है।
देखो, तुम मेरे पैसे ले के भागी थी।
ले के, चुरा के।
पता नहीं, मैं भूल गया हूँ।
मैं सारी पुरानी बातें भूल चुका हूँ।","____ भी भूल जाओ न, यार।","तुम भी भूल जाओ न, यार।",तुम
IndicDialogue,Jaane Jaan,1958289341,821,"उसके बाद, आप घर आए।
नहीं, फिर हम किंग्स कैरीओके बार गए,
थोड़ी देर के लिए।
कैरीओके?
तारा का मन था।",____ लोग अक्सर ऐसा करते हैं?,आप लोग अक्सर ऐसा करते हैं?,आप
IndicDialogue,Tu Jhoothi Main Makkaar,1958103212,2619,"{\an8}♪  है जीने की मेरे अब कोई  ♪
{\an8}♪  तो वजह तू ही  ♪
{\an8}♪  कि तुझसे ही जादुई, जादुई, जादुई, जादुई  ♪
{\an8}♪  जादुई लगे ये ज़िंदगी  ♪
♪  मैं पूरे का पूरा हूँ मैं अब नहीं  ♪",♪  कि उसमें से आधा है ____  ♪,♪  कि उसमें से आधा है तू  ♪,तू
IndicDialogue,Lust Stories 2,1958186552,570,"तेरी चड्डी तक तो मैं धोती हूँ।
सीमा, क्या बोल रही है तू?
क्या बोल रही है क्या मतलब?
सॉरी। -उसका घर है इसलिए कुछ भी बोलेगी क्या वो?
कोई फ्री में काम नहीं कर रही है तू!",सैलरी देती हूँ मैं ____!,सैलरी देती हूँ मैं तुझे!,तुझे
IndicDialogue,Haseen Dillruba,1957295757,842,"‎♪  हो, अब क्या सही न जानूँ  ♪
‎♪  ना ग़लत जानूँ रे  ♪
‎♪  वो तो बढ़ता ही जाए  ♪
‎♪  हो जैसे चढ़ता बुखार  ♪
‎चाय में इतना ज़ायका है तो",‎____ खाने का स्वाद चख के तो ‎हम जान दे देंगे।,‎आपके खाने का स्वाद चख के तो ‎हम जान दे देंगे।,आपके
IndicDialogue,Tu Jhoothi Main Makkaar,1958103212,1993,"तुझे डिस्कस करने के अलावा?
लेकिन एक बात तो प्रूव होती है इससे।
क्या?
कि प्यार तो करती थी मुझसे।
कल को बीवी लड़ेगी मुझसे तो बताऊँगा उसे।",कि एक ____ ही कद्र नहीं है कि कितनी खुशनसीब है तू,कि एक तुझे ही कद्र नहीं है कि कितनी खुशनसीब है तू,तुझे
IndicDialogue,Indoo Ki Jawani,1957132233,1696,"-ए! -हाँ, उसे बाहर फेंक दो।
तू होता कौन है मुझे बाहर निकालने वाला? मेरी बात सुनो, इंडिया।
एक तो जबरदस्ती घुसा है और हीरो बन रहा है?
जबरदस्ती मैं घुसा हूँ या तुम? मुझे मालूम है तू कौन है, समझा?
अच्छा, तुझे पता है मैं कौन हूँ।",____ निकल वर्ना बहुत पिटेगा।,तू निकल वर्ना बहुत पिटेगा।,तू
IndicDialogue,Dhamaka,1957450323,1406,"{\an8}‪रघुबीर जी, सी लिंक पर फंसे ‪लोगों की जान ख़तरे में है।
{\an8}‪-आप, प्लीज़ कम से कम औरतों और बच्चों को… ‪- बात मत बदलिए।
{\an8}‪औरतों और बच्चों को आप वहाँ से जाने दें।
{\an8}‪ हमें हमारी माफ़ी नहीं मिलती है ‪तो सब मरेंगे… सब मरेंगे!
{\an8}‪रघुबीर जी, हम पूरी कोशिश कर रहे है ‪कि मंत्री जी जल्द से जल्द",{\an8}‪यहाँ आएं और ____ माफ़ी दें,{\an8}‪यहाँ आएं और आपको माफ़ी दें,आपको
IndicDialogue,Haseen Dillruba,1957295757,592,"‎करवा दो यार उसको, अटकी है फ़ाइल…
‎अरे, रिशू, तू यहाँ?
‎तू तो छुट्टी पर चल रहा था।
‎यार, तुम लोगों को तो पता है, सर उत्साहित ‎हो जाते हैं तो फट से बुला लेते हैं।
‎- रिशू? ‎-सर।",‎ ____ यहाँ क्या कर रहे हो?,‎ तुम यहाँ क्या कर रहे हो?,तुम
IndicDialogue,Axone,1956818787,290,"सोनू की तो जल जाएगी, भगवान कसम!
क्या हुआ?
पुईया और जेंजम से बात की हमने।
उनको भी नहीं पता बेन्दांग कहाँ है?
उसका फोन भी नहीं लग रहा है?",____ जानती हो उसके साथ क्या हुआ था!,तुम जानती हो उसके साथ क्या हुआ था!,तुम
IndicDialogue,Good Newwz,1956816836,1284,"हा-हा। भाईसाहब मैं कहना चाहता हूँ कि ये जो
अजीब सा हो गया ना जी हमारे साथ। ये जो फैदा बदल गया है।
फैदा?
स्पैम ना जी।
तो बस हम इतना चाहते हैं कि, अपना बच्चा तो सुरक्षित है ना जी?","ये ____ बच्चा नहीं, हमारा बच्चा है।","ये तुम्हारा बच्चा नहीं, हमारा बच्चा है।",तुम्हारा
IndicDialogue,Dhamaka,1957450323,1103,"‪तो अब तक वो पकड़ा जा चुका होता।
‪ख़ैर, हम तुम्हें बचा लेंगे।
‪आप अपना काम ख़ुद से नहीं कर पा रहे हैं।
‪और आप मुझे पर डाल रहे हैं। ‪मुझे ज्ञान दे रहे हैं?
‪मैं समझ सकता हूँ आप पुलिस पर भरोसा नहीं ‪करते, पर दिक्कत ये है कि आप जब लाइव जाएंगे","‪और अगर ____ कुछ हो जाता है,","‪और अगर आपको कुछ हो जाता है,",आपको
IndicDialogue,Jaadugar,1957742927,1388,"अपने टाइम पर तुझ जैसे चार-चार को निपट लेता था।
-अभी चोट लगी है इसीलिए-- -सच्ची में चोट लगी है?
या मुक़ाबले से घबरा रहे हों भैया?
अबे तेरी! अबे पकड़ उसको।
-ले लो बॉल उस से। -अरे पकड़ो यार।","आज ____ बताता हूँ, फुटबॉल क्या है?","आज तुझे बताता हूँ, फुटबॉल क्या है?",तुझे
IndicDialogue,Lust Stories 2,1958186552,946,"तुम्हारे लिए।
मैं कॉफी नहीं पीती।
पता है।
चाय... दूध वाली।
तो बताओ...",____ निकलना चाहिए।,तुम्हें निकलना चाहिए।,तुम्हें
IndicDialogue,Good Newwz,1956816836,62,"12 जनवरी को हमें बच्चे के लिए कोशिश करनी है।
जान, यहाँ पर बहुत काम था तो
असल में काफ़ी डिलिवरियाँ भी देनी है।
-इनवॉइस तैयार करो। -हाँ, सर।
एक काम करो,",____ अपने ग्राहकों को ही बोल दो कि तुम्हें बच्चा करके दे।,तुम अपने ग्राहकों को ही बोल दो कि तुम्हें बच्चा करके दे।,तुम
IndicDialogue,Shehzada,1958077493,1383,"पच्चीस हज़ार स्नैक्स के?
ऑफिस में गरीब बहुत हैं।
पचास हजार कॉफी के।
स्टारबक्स पी रहे हो या खरीद रहे हो!
मैं यहाँ अकाउंट्स डिस्कस कर रहा हूँ,",और ____ मुझे आँख मार रहे हो?,और तुम मुझे आँख मार रहे हो?,तुम
IndicDialogue,Good Newwz,1956816836,1038,"-और उसकी सास ने मुझे। -आह! और आपने सारे चंडीगढ़ को बता दिया।
ये सब तो पाठ के लिए आई हैं।
तो, ठीक है।
चल बेटा, अंदर चलकर सब सुहागनों को
अपने हाथों से उपहार दे दे।",अभी ____ दे दो यार मम्मी।,अभी आप दे दो यार मम्मी।,आप
IndicDialogue,Ginny Weds Sunny,1956951114,639,"‎जा, ले जा।
‎शुभकामनाएँ।
‎हैलो!
‎-हाय। ‎-हाय।
‎आप कहीं मेरा पीछा तो नहीं कर रही?",‎ये ____ मुझे पूछ रहा है?,‎ये तू मुझे पूछ रहा है?,तू
IndicDialogue,Jaane Jaan,1958289341,12,"तारा!
तूने फिर से हीटर पानी में छोड़ दिया!
अरे, एक चीज़ अगर ये लड़की ठीक से कर ले!
-तारा! -क्या, मम्मा?
जल्दी करो न, यार।","चलो, मिस खिटखिट। ____ देर हो रही थी न?","चलो, मिस खिटखिट। तुझे देर हो रही थी न?",तुझे
IndicDialogue,Dhamaka,1957450323,465,"{\an8}‪मैं हूँ अर्जुन पाठक ‪और आप देख रहे हैं भरोसा 24x7।
{\an8}‪जो भी कहूँगा, सच कहूँगा।
‪ आज हमारा देश एक ‪आतंकवादी धमाके से सहमा हुआ है।
{\an8}‪आज मैं एक एक्सक्लूसिव इंटरव्यू में,
{\an8}‪उस आतंकवादी से बात करूँगा ‪जिसने सी लिंक पर धमाका किया।","{\an8}‪रघुबीर जी, क्या ____ मुझे सुन पा रहे हैं?","{\an8}‪रघुबीर जी, क्या आप मुझे सुन पा रहे हैं?",आप
IndicDialogue,Shehzada,1958077493,479,"देख, मान जा…
वर्ना, हमारे पास और तरीके भी हैं।
वैसे, मेरा कोई लेना-देना नहीं है,
लेकिन आप कानून तोड़ रहे हो।
सेक्शन 268, सार्वजनिक उपद्रव करना।","ए, ____ बीच में मत घुस।","ए, तू बीच में मत घुस।",तू
IndicDialogue,Indoo Ki Jawani,1957132233,1709,"कोई बात नहीं मैडम, ठीक ही किया।
पाकिस्तानियों के साथ ऐसा ही होना चाहिए।
मेरी थोड़ी मदद कर दो।
आज के लिए बहुत नाटक हो चूका है।
इज़्ज़त गई भाड़ में। इसे कहीं दूर ले जा और छोड़ दे।",और ____ भी निकल जाओ।,और तुम भी निकल जाओ।,तुम
IndicDialogue,Madam Chief Minister,1957179704,494,"पर मैं तुम्हारी हूँ!
अपनी नेता कैसी हो?
तारा रूपराम जैसी हो!
अपनी नेता कैसी हो?
यह लो।",____ भी लो। यह लो।,तुम भी लो। यह लो।,तुम
IndicDialogue,Hit the First Case,1957795759,216,"♪ ये ज़मीन होगी♪
♪ संग तेरे♪
♪ ज़िंदगी कितनी हसीन होगी♪
♪ कितनी हसीन होगी♪
नेहा, मेरी बात तो वो मानता नहीं है।",____ समझाओगी तो मानेगा।,तुम समझाओगी तो मानेगा।,तुम
IndicDialogue,The Great Indian Family,1958355201,281,"लाइफ में छिछोरेपन की जितनी कमी थी वह हम यहाँ आके दिल खोल के पूरा करते।
कन्नी चिल देंगे.
यह क्या है बे?
रहने दो। मूड ऑफ है हमारा।
क्यों? अपनी शकल देख ली क्या सुबह सुबह?","पंडित ____ सही सही बताना, तुमको माखन सिंह की बिरयानी की कसम है।","पंडित तुम सही सही बताना, तुमको माखन सिंह की बिरयानी की कसम है।",तुम
IndicDialogue,Dhamaka,1957450323,1168,"‪वो पाँच-छह टॉवर्स को छोड़िए।
‪सी लिंक के पास जो टॉवर्स है, उसको ‪पकड़िए। रघुबीर आपको मिल जाएगा।
‪अच्छा सोचा। रुको।
‪अर्जुन, उन्हें उनका काम करने दो। ‪हम हमारा काम करें।
‪ तुम बहुत समय बर्बाद कर रहे हो।","‪मैं ____ बता रही हूँ, जब तक ‪रघुबीर बंधकों को नहीं मारता,","‪मैं तुम्हें बता रही हूँ, जब तक ‪रघुबीर बंधकों को नहीं मारता,",तुम्हें
IndicDialogue,Tu Jhoothi Main Makkaar,1958103212,719,"तू न हल्के में ले रही है मेरे प्यार के पोटेंशियल को!
बस इसलिए कि हम बैचलर पार्टी में मिले,
मैंने दारू पी रखी थी, तूने दारू पी रखी थी।
यही मैं मंदिर में मिला होता न,
दादी का हाथ पकड़े, सीढ़ियाँ चढ़ाते हुए",तो दो बार नहीं सोचती ____ घर पर रिश्ता भेजने से पहले।,तो दो बार नहीं सोचती तू घर पर रिश्ता भेजने से पहले।,तू
IndicDialogue,Jaadugar,1957742927,648,"ऑटो वालों की स्ट्राइक है आज। खुद चलाएँगी क्या?
सुन मैं पहुँच जाऊँगी। ज़्यादा हीरो बनने की ज़रूरत नहीं है।
उधर कब्रिस्तान है।
और अभी तो बंद भी हो गया होगा।
तू यहीं?",____ कहा ना मदद नहीं चाहिए?,तुझे कहा ना मदद नहीं चाहिए?,तुझे
IndicDialogue,Guilty,1956804853,767,"‎उसने उसे उकसाया, भगवान!
‎कितनी बार मुझे यह बात कहनी पड़ेगी?
‎हां। तुमने कहा था।
‎तुमने उसे थप्पड़ मारा ‎क्योंकि तनु ने उसका बलात्कार किया।
‎-लंच? ‎-नहीं।",‎____ छः बजे तक भूखी रहेंगी?,‎आप छः बजे तक भूखी रहेंगी?,आप
IndicDialogue,Tu Jhoothi Main Makkaar,1958103212,598,"लाला हूँ मैं।
मुझे लाला लोग कतई पसंद नहीं।
मुझे लाला पीपल पसंद नहीं।
तुझे लाला पीपल से प्यार हो जाएगा।
मैं लाला पीपल को झेल ही नहीं सकती।",____ लाला पीपल हो जाओगी।,तुम लाला पीपल हो जाओगी।,तुम
IndicDialogue,Good Newwz,1956816836,1797,"आपका स्पैम मोनी के अंदर आ चुका है। इससे ज़्यादा व्यक्तिगत क्या होगा?
ये क्या बकवास कर रहे हो तुम?
ये बात बताने के लिए तुमने मुझे यहाँ बुलाया था?
ओह भाईसाहब।
देखो भाईसाहब, झूठ नहीं बोलूँगा।",मैंने ____ यहाँ इसलिए बुलाया क्योंकि मुझे अपने बच्चे की फ़िक्र है।,मैंने आपको यहाँ इसलिए बुलाया क्योंकि मुझे अपने बच्चे की फ़िक्र है।,आपको
IndicDialogue,The Great Indian Family,1958355201,129,"और उस समय हमको ये क्लियर हो गया
कि हमारे फेवरेट गेम लाइफ हमारे साथ खेल रही थी,
फर्क सिर्फ ये था की इस गेम में हम गोटी थे
और हमारी फॅमिली सांप।
ये लो ये पहनो। भैय्या पहुँच गए होंगे।","बोल के गए हैं आज तो पूजा पे ____ भी बैठोगे,","बोल के गए हैं आज तो पूजा पे तुम भी बैठोगे,",तुम
IndicDialogue,Jaane Jaan,1958289341,848,"-हेलो! -हेलो।
यहाँ कैसे?
मैं यहाँ रहता हूँ। तुम यहाँ कैसे?
काम से।
वो औरत थी न सुबह, कैफ़े में,","-जहाँ सब ____ अटेंडेंस दे रहे थे, टीचर, टीचर करके। -टिफ़िन।","-जहाँ सब तुझे अटेंडेंस दे रहे थे, टीचर, टीचर करके। -टिफ़िन।",तुझे
IndicDialogue,Ginny Weds Sunny,1956951114,1300,"‎माफ़ कीजिये।
‎आंटी बहुत अच्छा है।
‎खाओ ना फिर।
‎-सन्नी? ‎-गुड इवनिंग प्रिंसेस सिमरन।
‎कैसी हैं आप?","‎गिन्नी, ____ कुछ सलाह लेनी थी।","‎गिन्नी, तुझसे कुछ सलाह लेनी थी।",तुझसे
IndicDialogue,Hit the First Case,1957795759,414,"अगर मैं कल शाम की सीसीटीवी फुटेज देखना चाहूँ, तो? 3:30 से 5:30 के बीच।
दोनों ही कैमरा की।
3:30 से 5:30 के बीच में तो
कोई भी नीली गाड़ी यहाँ से नहीं गुज़री, साहब।
पिछले 15 मिनट में मुझे 20 आसमानी गाड़ी रोड़ पे दिखी।",और दो घंटे में ____ एक भी नहीं दिखी?,और दो घंटे में तुझे एक भी नहीं दिखी?,तुझे
IndicDialogue,Jaadugar,1957742927,379,"अरे यार ये लल्ली… ऊपर से तेरा फ़ोन भी बंद।
सॉरी। वो तेरा एग्ज़ाम याद ही नहीं रहा यार।
याद नहीं था या पता ही नहीं था?
पता कैसे नहीं होगा! बॉयफ्रेंड हूँ तेरा।
अच्छा? कौन सा एग्ज़ाम है कल मेरा?",____ आईआईटी कर रही है ना?,तू आईआईटी कर रही है ना?,तू
IndicDialogue,Jaadugar,1957742927,468,"अब बारी है रेनू के कज़िन बहनों की!
देखते हैं।
ऑडिटोरियम कमिटी!
आज अगर दो-तीन खुश हो गईं ना,
कुछ दिनों में कलामंच में शो होगा हमारा।",सकलेचा यार! किस बात का असिस्टेंट है ____?,सकलेचा यार! किस बात का असिस्टेंट है तू?,तू
IndicDialogue,Dhamaka,1957450323,767,"‪ देखिए, सुरक्षा की वजह से, इसके ‪बारे में आपको कुछ नहीं कह सकता।
{\an8}‪हमारे पास ये सब बातों के लिए ‪वक़्त नहीं है, अमीश जी।
‪आप समझ रहे हैं न निर्दोष लोगों की ‪जानें ख़तरे में है?
‪ जी, मैंने आपको बताया कि मेरे पास ‪इस बात को लेकर कोई आधिकारिक जानकरी नहीं।
‪ देखिए, सरकार के बैठे रहने से ‪अगर लोगों की जान जाती है,",{\an8}‪तो जनता ____ माफ़ नहीं कर पाएगी।,{\an8}‪तो जनता आपको माफ़ नहीं कर पाएगी।,आपको
IndicDialogue,Jaane Jaan,1958289341,1121,"हाँ।
मिसेज़ डिसूज़ा उसके लिए संदिग्ध हैं?
संदिग्ध ही नहीं मेरे दोस्त,
एक अकेली संदिग्ध।
-अच्छा! -हाँ!",____ नज़र रखेगा उसपे?,तू नज़र रखेगा उसपे?,तू
IndicDialogue,Guilty,1956804853,1824,"‎मगर उसकी बात अलग है, तनु।
‎अब देखो ना, क्योंकि...
‎वह एक आदमी है।
‎समझ रही हो?
‎तुम्हारी दिक्कत यह है कि...",‎____ पता ही नहीं कि कैसे उठना बैठना है।,‎तुम्हें पता ही नहीं कि कैसे उठना बैठना है।,तुम्हें
IndicDialogue,Hit the First Case,1957795759,1798,"महावीर कूरियर सर्विस
हम यहाँ अकेले हैं।
तुम्हें किसी से डरने की ज़रूरत नहीं है।
मैं बस… मैं बस बात करना चाहती हूँ।
तुम पागल हो गई हो।",मैं सिर्फ ____ बात करना चाहती हूँ।,मैं सिर्फ तुमसे बात करना चाहती हूँ।,तुमसे
IndicDialogue,Jaane Jaan,1958289341,1628,"कुछ नहीं कहना।
यही एक तरीका है, आप दोनों के बचने का।
मुझे कुछ समझ में नहीं आ रहा।
मैं…
मैं बाद में समझाता हूँ आपको।","कृपया मेकअप का इस्तेमाल न करें, ____ उसके बिना ज्यादा अच्छी लगती हैं।","कृपया मेकअप का इस्तेमाल न करें, आप उसके बिना ज्यादा अच्छी लगती हैं।",आप
IndicDialogue,Shehzada,1958077493,998,"अब मैं आज़ाद हूँ।
फ्री।
वाल्मीकि।
तुझे देख कर मैं हमेशा चिढ़ता था।
पर अब तुझपे तरस आ रहा है।","क्योंकि उसे ____ बेटा बुला नहीं सकता,","क्योंकि उसे तू बेटा बुला नहीं सकता,",तू
IndicDialogue,Dhamaka,1957450323,850,"‪शायद अमीर और ताक़तवर लोगों के लिए सच हो।
‪हमारी तरफ़ तो न्याय का ‪तराजू झुका ही नहीं है।
‪हम कह रहे हैं न आपसे हम बहुत सोचे ‪इसके बारे में। और कोई रास्ता ही नहीं था।
{\an8}‪लेकिन वो बेचारे लोग? वो निर्दोष लोग?
{\an8}‪उनकी जानें जाने दें?","{\an8}‪____ अगर हमें थोड़ा सा वक़्त और देंगे, ‪तो हम आपको आपकी माफ़ी दिलवा सकते हैं।","{\an8}‪आप अगर हमें थोड़ा सा वक़्त और देंगे, ‪तो हम आपको आपकी माफ़ी दिलवा सकते हैं।",आप
IndicDialogue,Hit the First Case,1957795759,997,"उससे जाकर मिलो।
सर, ये गलत हो रहा है।
और तुम जो कर रहे हो, वो सही है?
तुमपे विक्रम का भूत सवार है।
अगर तुम्हें इस केस की पड़ी होती,",तो इस वक़्त ____ डेड बॉडी ढूँढ रहे होते।,तो इस वक़्त तुम डेड बॉडी ढूँढ रहे होते।,तुम
IndicDialogue,Lust Stories 2,1958186552,74,"आपको हमारे बेटे पे शक है?
हाँ।
- चीकू, ये क्या है? - मैं...
दादी, हम शादी तो...
इसीलिए तो शक है।",और ____ भी मेरी पोती पे शक होना चाहिए।,और आपको भी मेरी पोती पे शक होना चाहिए।,आपको
IndicDialogue,Madam Chief Minister,1957179704,396,"हमारा प्रस्ताव मास्टर जी को स्वीकार है सुनकर अच्छा लगा।
लेकिन हमारी कुछ शर्तें हैं भाईसाहब।
हमारी पार्टी 300 सीटों पर चुनाव लड़ेगी।
और आपकी 104 सीटों पर।
चुनाव के बाद सीएम हमारी पार्टी का होगा।",और ____ पार्टी को पाँच मंत्री पद दिए जाएँगे।,और आपकी पार्टी को पाँच मंत्री पद दिए जाएँगे।,आपकी
IndicDialogue,Darlings,1957768015,573,"‎उसमें से ऐसे ही ‎फोकटिया रहते हैं, लैला-मजनूँ।
‎सही है, सर। हिंदुस्तान का ‎सबसे बड़ा मसला है, आबादी।
‎-पहले वाला आइडिया अच्छा था, सर। नसबंदी का। ‎-हाँ।
‎वो चीन की नीति सही थी। ‎एक बच्चे वाली नीति। एक ही बच्चा।
‎आपके कितने बच्चे हैं, सर?",‎____ पालेगा? साफ़ करके रख दे।,‎तू पालेगा? साफ़ करके रख दे।,तू
IndicDialogue,Indoo Ki Jawani,1957132233,179,"आप लोगों को गूगल के आगे माथा टेकना पड़ता है।
लेकिन मुझे, पूरा ज्ञान मिलता है सोनल से।
बिना पूछे।
लेकिन यह तो बड़ा जोखिम भरा है?
मैंने जाके सेक्स कर लिया और उसने शादी करने से मना कर दिया तो?","इंदू, ____ अभी तक उसी पुराने ज़माने में फँसी हुई है।","इंदू, तू अभी तक उसी पुराने ज़माने में फँसी हुई है।",तू
IndicDialogue,The Great Indian Family,1958355201,1277,"धन्य हैं.. धन्य हैं..
लेकिन पंडितजी यह जो शंका है न ससुरी ऐसी चीज है कि
सीता मैया को भी अग्नि परीक्षा के लिए विवश कर दिया था इसने।
आप चाहते हैं कि मैं अपने बेटे को आग में झोंक दूं?
हम चाहते हैं कि प्रश्न करने वालों को",और शंका करने वालों के मुंह पर ____ एक ऐसा लप्पड़ मारें,और शंका करने वालों के मुंह पर आप एक ऐसा लप्पड़ मारें,आप
IndicDialogue,Hit the First Case,1957795759,996,"रोहित राजा गोडाउन में सर्च पार्टी लीड कर रहा है।
उससे जाकर मिलो।
सर, ये गलत हो रहा है।
और तुम जो कर रहे हो, वो सही है?
तुमपे विक्रम का भूत सवार है।","अगर ____ इस केस की पड़ी होती,","अगर तुम्हें इस केस की पड़ी होती,",तुम्हें
IndicDialogue,Hit the First Case,1957795759,1514,"विक्रम।
मुझे भी पता नहीं था कि सपना और प्रीति एक ही अनाथालय में थीं।
वर्ना मैं खुद ही पूछ लेता।
उसका बचपन बहुत मुश्किल था, यार।
हम उस बारे में बात नहीं करते हैं।","____ मुझे कहता रहता है ना, अपने केसेस से इमोशनली मत जुड़ा कर।","तू मुझे कहता रहता है ना, अपने केसेस से इमोशनली मत जुड़ा कर।",तू
IndicDialogue,Dhamaka,1957450323,335,"‪आपने सौम्या को क्यों भेजा?
{\an8}‪ क्यों तुम्हें कोई दिक्कत है?
{\an8}‪- हाँ, सुन सकती हूँ। ‪-कोई और नहीं मिला आपको?
‪ अर्जुन, एंकर्स बना दिए जाते हैं।
{\an8}‪- नहीं। ‪-रिपोर्टर ख़ुद अपनी मर्जी से बनते हैं।",‪ ____ तो पता है वो जर्नलिज़्म ‪के बारे में कोई समझौता नहीं करती।,‪ तुम्हें तो पता है वो जर्नलिज़्म ‪के बारे में कोई समझौता नहीं करती।,तुम्हें
IndicDialogue,Hit the First Case,1957795759,1869,"तुम्हारा आभारी हूँ।
हम इसे इज़्ज़त से विदा तो कर सकते हैं।
{\an8}प्रीति की बॉडी पे जो अज्ञात डीएनए मिला,
{\an8}वो रोहित से मैच करता है।
प्रिय विक्रम,","मुझे यकीन है कि ____ एक दिन मुझ तक पहुँच जाओगे,","मुझे यकीन है कि तुम एक दिन मुझ तक पहुँच जाओगे,",तुम
IndicDialogue,Jaane Jaan,1958289341,1136,"-धन्यवाद। -धन्यवाद।
मिसेज़ डिसूज़ा!
अब क्या?
ओह।
मुझे लगा आप ही हैं।","मैंने अभी-अभी ____ देखा, पुलिस थाने के सामने।","मैंने अभी-अभी आपको देखा, पुलिस थाने के सामने।",आपको
IndicDialogue,Jaane Jaan,1958289341,1302,"प्रेमा, चल सफाई खत्म कर।
सुना आपने? लोगों को अस्पताल जाना पड़ा।
-मैं मर सकता था। -ऐसा कुछ नहीं है।
ज्यादा से ज्यादा, पेट में दर्द हो सकता है।
फिर भी… माफ़ करना।","मिसेज़ डिसूज़ा, माफ़ी से कुछ नहीं होगा, ____ जो मेरी हवा निकाली है न दोनों तरफ से,","मिसेज़ डिसूज़ा, माफ़ी से कुछ नहीं होगा, आपने जो मेरी हवा निकाली है न दोनों तरफ से,",आपने
IndicDialogue,Indoo Ki Jawani,1957132233,337,"आगे की तैयारी मतलब?
हैलो दीदी।
क्या है यार?
दीदी आपने ड्रिंक मंगाई थी ना।
-तो सोचा मैं ही पिला देता हूँ। - शुक्रिया।",लेकिन मुझे मेरी दोस्त के साथ बात करनी है। ____ जाओ।,लेकिन मुझे मेरी दोस्त के साथ बात करनी है। आप जाओ।,आप
IndicDialogue,The White Tiger,1957077990,1262,"‏और यह बकवास?
‏मैं तंग आ चुकी हूँ।
‏मैं इस सबसे तंग आ चुकी हूँ।
‏ मरने वाले के परिवार को ‏ढूँढ रही है, मुआवज़ा देने के लिए।
‏-हम क्या कातिल हैं? ‏- नहीं करेगी ऐसा।","‏ अरे, ____ तो बात ही मत करो।","‏ अरे, तुम तो बात ही मत करो।",तुम
IndicDialogue,Ginny Weds Sunny,1956951114,1265,"‎हैलो।
‎हैलो! आंटी नमस्ते!
‎हाँ, नमस्ते बेटा।
‎वो गिन्नी का फोन आया था ‎वो कह रही थी कल आने को।
‎अरे, वो निशांत टपक गया अपने परिवार के साथ।",‎-क्या? ‎-____ कल ही आ।,‎-क्या? ‎-तू कल ही आ।,तू
IndicDialogue,Madam Chief Minister,1957179704,1623,"मास्टर जी हमेशा अपने लोगों को…
सत्ता की बीमारी से बचाना चाहते थे।
मगर वे एक बात भूल गए थे,
कि सत्ता में रहकर
सत्ता की बीमारी से बचना नामुमकिन है।","ना ____ बच पाईं, ना हम।","ना आप बच पाईं, ना हम।",आप
IndicDialogue,Jaadugar,1957742927,82,"सोते, बैठते, नहाते, धोते।
कभी-कभी तो कुल्फ़ी खाते-खाते भी मुझे कुल्फ़ी चाहिए होती थी।
सोचा अपने इस जुनून को अपना पेशा ही बना लेता हूँ।
पर ये ज़ालिम समाज मेरे सपनों को समझ ही नहीं पाया।
मेरा राजा बेटा! बड़ा होके अगर तू कुल्फ़ी वाला बनेगा ना,",तो कोई अपनी लड़की नहीं देगा ____!,तो कोई अपनी लड़की नहीं देगा तुझे!,तुझे
IndicDialogue,Lust Stories 2,1958186552,576,"और तुम!
परमिशन ली थी क्या ऊपर आने के लिए?
पूछा था मुझे?
मुझे क्या पता वो किस-किस को लेके आती है मेरे घर में!
मुझे नहीं पता!",- ज़्यादा मत बोल ____! - अरे क्या!,- ज़्यादा मत बोल तू! - अरे क्या!,तू
IndicDialogue,Indoo Ki Jawani,1957132233,1031,"मैं उठाती हूँ।
-कोई ज़रूरत नहीं। -ये लीजिये। मैं भी कितनी बेवकूफ़ थी।
सोनल की बच्ची! मैं उसको छोडूँगी नहीं।
तुम्हारे पास पाकिस्तान की भी नागरिकता है?
हाँ।",जैसे ____ पास भारत की है वैसे मेरे पास पाकिस्तान की है।,जैसे तुम्हारे पास भारत की है वैसे मेरे पास पाकिस्तान की है।,तुम्हारे
IndicDialogue,Good Newwz,1956816836,154,"सिर्फ़ ज़ोर-ज़ोर से चीख रहा था बस।
क्या?
तुम लड़के भी दिखावा कर सकते हो?
हाँ, तो इसमें कौनसा विज्ञान छिपा है?
सिर्फ़ टेढ़े-मेढ़े मुँह ही तो बनाने होते हैं।",-बस करो! -____ ना!,-बस करो! -तुम ना!,तुम
IndicDialogue,The White Tiger,1957077990,212,"‏अशोक जी के लिए दूसरा ड्राइवर चाहिए।
‏क्योंकि अमेरिका से वापस आए हैं वह…
‏तुमको कब से ड्राइवरी करना आने लगा?
‏देखिए, दादी, 300 रुपये हैं, मान रहे हैं, ‏ठीक है? पर हम लौटा देंगे आपको जैसे…
‏कोई ज़रूरत नहीं! ‏एकदम बाप पर गया है, बदतमीज़ कहीं का।",‏____ यहीं रहोगे किशन के साथ।,‏तुम यहीं रहोगे किशन के साथ।,तुम
IndicDialogue,Hit the First Case,1957795759,1549,"आज सुबह नौ बजे से।
उसने थोड़ी देर पीछा किया था ना?
हो सकता है उसने भी दौलतनगर की एग्ज़िट ली हो।
इशा, तुम्हें पूरा यकीन है कि वो सफेद एम्बेसेडर ही थी?
हाँ ना, सर।","पहले इन्होंने पूछा, अब ____ भी वही पूछ रहे हों।","पहले इन्होंने पूछा, अब आप भी वही पूछ रहे हों।",आप
IndicDialogue,Dhamaka,1957450323,514,"‪हमने लाख कोशिश की बचाने की, लेकिन
‪जो लोग उन्हें असल में बचा सकें,
‪वो लोग तो सब ये बड़े लोगों की ‪आने की तैयारी में लग गए थे।
‪वो तीन लोग बस इसलिए मर गए क्योंकि
‪वो सब अपनी ईमानदारी से ‪बस हज़ार रूपये ज़्यादा कमाना चाहते थे।",‪सिर्फ़ हज़ार रूपये। इतने का तो ____ लोग ‪एक वक़्त का खाना मंगा लेते हो।,‪सिर्फ़ हज़ार रूपये। इतने का तो आप लोग ‪एक वक़्त का खाना मंगा लेते हो।,आप
IndicDialogue,Tu Jhoothi Main Makkaar,1958103212,659,"कहाँ है तू?
कुत्ते की रोटी खा ले तू, कुत्ते की रोटी। तुझसे घटिया इंसान नहीं देखा मैंने।
कहाँ है तू?
टिन्नी ने कहा, चल, तो मैं चला आया।
वापस आ तुरंत!","मनु, ____ कैसी बात कर रहा है?","मनु, तू कैसी बात कर रहा है?",तू
IndicDialogue,Ginny Weds Sunny,1956951114,1516,"‎व्हाट्सएप पर किधर मिलती है ये सुविधा?
‎तारीख भी तूने सही चुनी है।
‎गिन्नी के जन्मदिन के ठीक एक दिन बाद।
‎तेरा बस चलता तो मुंह पर मारता कार्ड उसके!
‎अरे, मैंने क्या मारना है आंटी!",‎वैसे लाड़ली है कहाँ ____? आज दिखाई नहीं दे रही?,‎वैसे लाड़ली है कहाँ आपकी? आज दिखाई नहीं दे रही?,आपकी
IndicDialogue,The White Tiger,1957077990,534,"‏ए, अशोक। इससे कहो ‏कि इसे यहाँ नहीं बोलना चाहिए।
‏हे भगवान। देखिए, मैं यहीं बैठी हूँ। ‏आप मुझसे बात कीजिए।
‏मैं कायरोप्रैक्टिक डॉक्टर हूँ, ‏एनवाईयू से डीपीटी मिला है।
‏कागज़ के टुकड़े बेडरूम की दीवारों पर ‏अच्छे लगते हैं, जहाँ इसकी जगह है।
‏अच्छा, एक बात कहूँ? नहीं। एक बात कहूँ?","‏मैं और अशोक दिल्ली जाकर ‏____ टैक्स घपले वाली समस्या सुलझाएँगे,","‏मैं और अशोक दिल्ली जाकर ‏आपकी टैक्स घपले वाली समस्या सुलझाएँगे,",आपकी
IndicDialogue,Lust Stories 2,1958186552,928,"सुनो...
तुम्हें मुझे जवाब देना होगा।
सॉरी।
पुरानी आदत है।
मैं चेंज करना चाहती हूँ।",____ रुकोगे?,तुम रुकोगे?,तुम
IndicDialogue,Indoo Ki Jawani,1957132233,1354,"अंदर कहीं और भी तो बैठ सकते हैं।
ज़रूरी थोड़ी ना यहीं बैठना है।
मेरा मतलब है, मेरे घर में कब तक बैठा रहेगा?
मुझे सोना है।
तो बैडरूम में चलते हैं।",____ सो जाओ और मैं… पहरा भी दूँगा?,आप सो जाओ और मैं… पहरा भी दूँगा?,आप
IndicDialogue,Tu Jhoothi Main Makkaar,1958103212,1789,"-हाँ कि ना? -मिक्की...
हाँ कि ना?
ना।
पक्का?
पक्का।",तो ____ जॉब कर।,तो तू जॉब कर।,तू
IndicDialogue,Shehzada,1958077493,572,"कमाल भी हो जाएगा।
♪ मैं पगला गया हूँ ये जानता ♪
♪ जो दिल के मोहल्ले में तू आ गया ♪
♪ मेरे सवाल का ♪
♪ तू ही जवाब है ♪",♪ मेरे सवाल का ____ ही जवाब है ♪,♪ मेरे सवाल का तू ही जवाब है ♪,तू
IndicDialogue,Ginny Weds Sunny,1956951114,1667,"‎चल ना यार, गिन्नी!
‎प्लीज़!
‎कुछ दिखाना है तुझे।
‎कुछ नहीं देखना मुझे।
‎एक आखिरी बार मेरी बात मानेगी?",‎आज के बाद कुछ नहीं मांगूंगा ____?,‎आज के बाद कुछ नहीं मांगूंगा तुझसे?,तुझसे
IndicDialogue,Axone,1956818787,449,"कौन है यह?
नहीं, यह किराएदार है।
पहले क्यों नहीं देखा इसे कभी?
नई आई है ना, पहली मंजिल पर। तुझे बताया था मैंने उस दिन।
तो तू इसके साथ क्या कर रहा है?",क्या कर रही है मतलब? ____ क्या लग रहा है मैं इसे,क्या कर रही है मतलब? तुझे क्या लग रहा है मैं इसे,तुझे
IndicDialogue,Haseen Dillruba,1957295757,1627,"‎जी।
‎क्या आपकी उम्र 28 साल है?
‎जी।
‎क्या आपने अपने पति का क़त्ल किया है?
‎नहीं।",‎क्या ____ नील त्रिपाठी के साथ संबंध थे?,‎क्या आपके नील त्रिपाठी के साथ संबंध थे?,आपके
IndicDialogue,Guilty,1956804853,1631,"‎-रेप की तो यहाँ कोई बात ही नहीं कर रहा। ‎-क्योंकि रेप हुआ ही नहीं था।
‎हुआ होता तो वह लड़ती।
‎क्या बोल रही हो, नानकी?
‎यही तो वो...
‎अंधी हो गई हो क्या?","‎क्या ____ दिखाई नहीं दे रहा है, ‎यहाँ क्या हो रहा है?","‎क्या आपको दिखाई नहीं दे रहा है, ‎यहाँ क्या हो रहा है?",आपको
IndicDialogue,Shehzada,1958077493,1323,"जब से तुम आए हो हमारी बात ही नहीं हुई।
बताइए, सर।
तुमने एक अनजान आदमी के लिए जो किया लोग अपनों के लिए नहीं करते।
थैंक यू।
मैं नहीं करता तो कौन करता?",लेकिन मैं ____ कोई नहीं लगता।,लेकिन मैं तुम्हारा कोई नहीं लगता।,तुम्हारा
IndicDialogue,Ginny Weds Sunny,1956951114,268,"‎लो, मैं दो घंटे खड़ा होके ‎काम करवाके लाया हूँ सर पे उसके।
‎-चल दिखा। ‎-देखो। लो, लो-लो। मज़ाक है कोई।
‎शुक्रिया बेटा।
‎आंटी, शुक्रिया  बोल के आप छोटा महसूस कराते हो।
‎-मैं आपका अपना नहीं हूँ? ‎-हाँ हाँ।",‎____ पता है ना आपको किसी ने तंग किया तो ‎मैंने उसपे तलवारें चला देनी हैं।,‎आपको पता है ना आपको किसी ने तंग किया तो ‎मैंने उसपे तलवारें चला देनी हैं।,आपको
IndicDialogue,Tu Jhoothi Main Makkaar,1958103212,660,"कुत्ते की रोटी खा ले तू, कुत्ते की रोटी। तुझसे घटिया इंसान नहीं देखा मैंने।
कहाँ है तू?
टिन्नी ने कहा, चल, तो मैं चला आया।
वापस आ तुरंत!
मनु, तू कैसी बात कर रहा है?",बचपन से जानता है ____ मुझे।,बचपन से जानता है तू मुझे।,तू
IndicDialogue,Tu Jhoothi Main Makkaar,1958103212,1538,"और ये कह रही है कि ऑफ़िस जाना है।
अर्जेंट काम आ गया है।
गलत बात है न?
गलत तो है।
पर कोई न, तू जा।",जब तक ____ नहीं आती तब तक मिक्की मेरा ख़याल रख लेगा।,जब तक तू नहीं आती तब तक मिक्की मेरा ख़याल रख लेगा।,तू
IndicDialogue,Tu Jhoothi Main Makkaar,1958103212,868,"♪  दिल चाहता है बस भीगे  ♪
♪  तेरे प्यार में  ♪
♪  तेरे प्यार में  ♪
♪  दुआ माँगता है बस  ♪
♪ भीगे, भीगे, भीगे  ♪",♪  ____ तबाही मेरी  ♪,♪  तू तबाही मेरी  ♪,तू
IndicDialogue,The Great Indian Family,1958355201,178,"पुकारूँ हरी ॐ
पुकारूँ हरी ॐ, हरी ॐ, हरी ॐ
जब हमने आँखे खोली तो हमें उम्मीद थी कि दुनिया बदल चुकी होगी,
हमारी सांप रुपी फॅमिली बदल चुकी होगी।
लेकिन भगवान का सेंस ऑफ़ ह्यूमर भी बड़ा रिस्की होता है गुरु।",वरदान... वरदान... वरदान है पण्डितजी ____ बेटा..,वरदान... वरदान... वरदान है पण्डितजी आपका बेटा..,आपका
IndicDialogue,Jaadugar,1957742927,1283,"और ये गोल!
पूरे पाँच साल बाद आदर्श नगर ने अपने गोल का उपवास तोड़ दिया है।
आई लव यू नेमा। आई लव यू।
मंच की गरिमा बनाए रखें।
गरिमा को भी आई लव यू।","-चलो। चलो, शाबाश। -____ अभी भी छह से हार रहे हों।","-चलो। चलो, शाबाश। -आप अभी भी छह से हार रहे हों।",आप
IndicDialogue,Darlings,1957768015,743,"‎-नहीं, हमज़ा, क्या कर रहे हो? ‎-मेरे को नहीं देखने का है तेरा थोबड़ा।
‎-चलो। ‎-अच्छा, बात तो सुनो। बात करते हैं न।
‎तू, तेरा बच्चा, तेरी अम्मी, तेरा आशिक ‎मेरे को नहीं चाहिए…
‎ये क्या… दो मिनट, ‎बात करते हैं, हमज़ा क्या कर रहे हो?
‎क्या कमी रह गई थी? आने-जाने की ‎रोक-टोक नहीं। बुर्के की ज़बरदस्ती नहीं।",‎-फिर क्या खुजली मची ____ ऐसे? ‎-वापस जा के बात करते हैं।,‎-फिर क्या खुजली मची तुमको ऐसे? ‎-वापस जा के बात करते हैं।,तुमको
IndicDialogue,Guilty,1956804853,444,"‎-चचा, इधर आओ, यार। ‎-नानकी!
‎-यार, क्यों टेंशन ले रहे हो आप? ‎-अरे, साहब, मेरी नौकरी चली जाएगी!
‎-नानकी! ‎-अंकल, शांत हो जाओ।
‎-ये रखो ना, यार। ‎-छी-छी!
‎-वीजे, मत कर, यार! ‎-अबे, हट ना यार!","‎भाई, कल सीन हो जाएगा तो ____ पछतावा होगा!","‎भाई, कल सीन हो जाएगा तो तुझे पछतावा होगा!",तुझे
IndicDialogue,Dhamaka,1957450323,1167,"‪वो सी लिंक को देख सकता है।
‪वो पाँच-छह टॉवर्स को छोड़िए।
‪सी लिंक के पास जो टॉवर्स है, उसको ‪पकड़िए। रघुबीर आपको मिल जाएगा।
‪अच्छा सोचा। रुको।
‪अर्जुन, उन्हें उनका काम करने दो। ‪हम हमारा काम करें।",‪ ____ बहुत समय बर्बाद कर रहे हो।,‪ तुम बहुत समय बर्बाद कर रहे हो।,तुम
IndicDialogue,Tu Jhoothi Main Makkaar,1958103212,315,"देख, तू न बाबा के जाने से थोड़ा हिल गया है।
इमोशनल है। तू कंफ्यूज़ हो रहा है।
हमने लड़-लड़ के मनाया है किंची के घरवालों को,
प्लस अपने घरवालों को।
अब क्या बोलेंगे?","भाई, अगर बोल के तोड़ना होता तो मैं पागल हूँ ____ बोलता?","भाई, अगर बोल के तोड़ना होता तो मैं पागल हूँ तुझे बोलता?",तुझे
IndicDialogue,Shehzada,1958077493,124,"भगवान लॉजिक मत लगाओ तुम।
हनुमान जी और श्री राम की बात अलग है।
ये बच्चा किसका सेवक बनेगा?
ये क्या है?
मैथ्स में तुम्हें सिर्फ नौ नंबर मिले?","अरे, मैडम ने ____ कम नंबर दिए तो क्या हो गया,","अरे, मैडम ने तुम्हें कम नंबर दिए तो क्या हो गया,",तुम्हें
IndicDialogue,Indoo Ki Jawani,1957132233,758,"परजाई जी क्या हाल हैं?
सब ठीक।
क्या भैया! आज का ही दिन मिला था आपको एक्वागार्ड देखने के लिए?
इतने समय से शिकायत की हुई है।
पिछले हफ्ते भी तो आपको फ़ोन किया था। तब क्यों नहीं आए?",आज अचानक एक्वागार्ड देखने आ गए ____!,आज अचानक एक्वागार्ड देखने आ गए आप!,आप
IndicDialogue,Madam Chief Minister,1957179704,358,"पाँव तोड़ेगी क्या?
मुझे सबके सामने क्यों डाँटा आपने?
अरे भई डाँटा कहाँ था?
खाली समझाया था। बड़े नेता के सामने
-इस तरीके से-- -और बड़े नेता चूतियापे की बात करे तो?",____ एक…,तू एक…,तू
IndicDialogue,Ginny Weds Sunny,1956951114,1424,"‎म… मुझे माफ़ कर दे, मैं... ‎मैं असल में तुझे बताने वाला था।
‎सच में, कसम से।
‎बस पता  नहीं क्या हो गया यार मैं...
‎मैं तेरी मम्मी की बातों में आ गया और...
‎मेरी बातों में?","‎मेरी बातों में ना आता, ‎तो यहाँ बैठा ना होता ____, बच्चू।","‎मेरी बातों में ना आता, ‎तो यहाँ बैठा ना होता तू, बच्चू।",तू
IndicDialogue,Haseen Dillruba,1957295757,641,"‎एक में एक-दो तो हो सकते हैं ना?
‎कि वो भी मुश्किल है?
‎कल से ऑफ़िस वालों ने एमबीए ‎क्लासेस रखी हैं।
‎दफ़्तर के बाद वहीं जाऊँगा।
‎और हाँ…","‎____ जैसा भी लड़का चाहिए था ‎वो छह ख़ूबियों वाला,","‎आपको जैसा भी लड़का चाहिए था ‎वो छह ख़ूबियों वाला,",आपको
IndicDialogue,Ginny Weds Sunny,1956951114,63,"‎आपका नाम जो है ना सानिया, ‎वो ग़लत रख दिया अंकल-आंटी ने।
‎-मतलब? ‎-मतलब, आपका नाम गीता होना चाहिए था।
‎-क्यों? ‎-कर्म कर फल की चिंता मत कर।
‎अब एक साल, बिना गारंटी रिटर्न्स के कैसे ‎इन्वेस्ट कर दूँ जी, आप ही बताओ मुझे।
‎रिटर्न्स?",‎____ गारंटीड रिटर्न्स चाहिए तो ‎म्यूच्यूअल फ़ंड्स में इन्वेस्ट करो ना।,‎तुम्हें गारंटीड रिटर्न्स चाहिए तो ‎म्यूच्यूअल फ़ंड्स में इन्वेस्ट करो ना।,तुम्हें
IndicDialogue,Jaane Jaan,1958289341,1208,"वो मिलने आया सिर्फ पैसों के लिए?
-ऐसा क्यों? -ये तो आपको अजीत से पूछना पड़ेगा।
मिसेज़ डिसूज़ा…
-ज्यादा तीखा  तो नहीं है? -नहीं।
अजीत को मारने कोई कलिम्पोंग क्यों आएगा?",____ काम भी मैं करूँ?,आपका काम भी मैं करूँ?,आपका
IndicDialogue,Good Newwz,1956816836,1465,"ओह। गैस के गोले जैसे बन जाते हैं, भाईसाहब।
आपकी भी गैस निकल जाती होगी भाभी जी, हैं?
-हा-हा-हा। -हा-हा-हा।
-हा-हा-हा। -हा-हा-हा।
वरुण।","-वैसे ____ गुसलखाना कहाँ है जी? -हाँ, ये ठीक रहेगा। हाँ।","-वैसे आपका गुसलखाना कहाँ है जी? -हाँ, ये ठीक रहेगा। हाँ।",आपका
IndicDialogue,Madam Chief Minister,1957179704,176,"मैं इस्तेमाल करने जैसी चीज़ नहीं हूँ।
दूसरी लड़कियों की तरह नहीं हूँ मैं।
देखती हूँ कैसे जीतता है यह कॉलेज का चुनाव!
इन्दु!
इस पूरे प्रदेश में",____ सिर्फ यह कोटे वाली लड़की ही मिली?,तुम्हें सिर्फ यह कोटे वाली लड़की ही मिली?,तुम्हें
IndicDialogue,Dhamaka,1957450323,402,"‪लाइव रोक दो। बॉस, निजी कॉल लो।
‪हम आतंकवादियों को पैसे नहीं देते।
‪ अरे, केवल आपके चैनल पर ‪हमारी आवाज़ चल रही है।
‪हमारी आवाज़ ने आपको ब्रेकिंग न्यूज़ दी।
‪कमाई बढ़ाई, रेटिंग बढ़ाई। इसमें से जो ‪छोटा सा हिस्सा हमको भी मिलना चाहिए ना।","‪देखिए, मुझे नहीं पता, ____ कहाँ से ये सब ‪सुना है। लेकिन हम ऐसे पैसे नहीं कमाते हैं।","‪देखिए, मुझे नहीं पता, आपने कहाँ से ये सब ‪सुना है। लेकिन हम ऐसे पैसे नहीं कमाते हैं।",आपने
IndicDialogue,Madam Chief Minister,1957179704,1296,"बधाई हो भाईसाहब!
जान से मार देंगे तुमको साले।
चार महीने लगा दिए जमानत दिलाने में!
- अरे डॉ. लक्ष्मी। - यहाँ से मैडम।
क्या बात है!",कैसी हो ____?,कैसी हो तुम?,तुम
IndicDialogue,Guilty,1956804853,1888,"‎आपने मेरा विश्वास तोड़ा।
‎आपने कहा, मैं पागल हूँ।
‎मुझे मदद की ज़रूरत है।
‎मैं अपने मन से कहानियाँ बना रही थी।
‎क्यों?",‎____ वे धारणाएं कि मैं कहानियां बुनती हूँ,‎आपकी वे धारणाएं कि मैं कहानियां बुनती हूँ,आपकी
IndicDialogue,Axone,1956818787,875,"क्या करें अभी?
हैलो! बोल रही हूँ।
कौन बात कर रहा है?
ओह! हैलो मैडम!
माफ करना। मुझे तो उम्मीद ही",नहीं थी कि अगले सप्ताह से पहले ____ कॉल आयेगा।,नहीं थी कि अगले सप्ताह से पहले आपका कॉल आयेगा।,आपका
IndicDialogue,Dhamaka,1957450323,1582,"‪ हमारी कहानी ‪अभी तक ख़तम नहीं हुई है।
‪शुक्र है, बच गए तुम।
‪आईटी रूम, 2801
‪तुम कहाँ पर हो? ‪मैं तुम्हारी मदद कर सकता हूँ।
‪ नहीं, नहीं, ‪आप हमारा सिर्फ़ शोषण कर सकते हैं।",‪बुलाया ____ मंत्री जी को?,‪बुलाया आपने मंत्री जी को?,आपने
IndicDialogue,Indoo Ki Jawani,1957132233,480,"और बेटा, मम्मी-पापा दिल्ली चले गए, हम्म?
बंटी को एडमिशन कराने?
हाँ, अंकल, बंटी भी साथ गया है उनके।
अरे?
मतलब,",____ घर में अकेली हो?,तुम घर में अकेली हो?,तुम
IndicDialogue,Indoo Ki Jawani,1957132233,1843,"♪ आ माँ आ♪
♪ तुझे दिल ने पुकारा♪
♪ दिल ने पुकारा♪
♪ तू है मेरा सहारा माँ♪
♪ आ माँ आ♪",♪ ____ दिल ने पुकारा♪,♪ तुझे दिल ने पुकारा♪,तुझे
IndicDialogue,Madam Chief Minister,1957179704,1249,"तारा छिप छिपाके कोई काम ना करती जी।
जो भी करती है खुले आम।
डंके की चोट पर।
तो आज…
अपने जन्मदिन के मौके पर,",मैं ____ सबको एक उपहार देना चाहती हूँ।,मैं तुम सबको एक उपहार देना चाहती हूँ।,तुम
IndicDialogue,Tu Jhoothi Main Makkaar,1958103212,1234,"{\an8}मिक्की, उम्र: 30 स्टेटस: कमिटेड
इतनी जल्दी क्यों आ गई। सीधा शादी पर आ जाती।
अरे, इसे बोलो न, ये तैयार ऐसे हुआ है जैसे इसे देखने आ रहे हैं।
ये अभी तक तैयार नहीं हुआ।
अगर तेरी वजह से रिश्ता कैंसिल हुआ न,",तो ____ घर से निकाल दूँगी।,तो तुझे घर से निकाल दूँगी।,तुझे
IndicDialogue,Indoo Ki Jawani,1957132233,539,"डेटिंग एप है।
इस में तुम्हें लाखों करोड़ों लड़कों के प्रोफाइल दिखेंगे।
और ये भी पता चलेगा कि वो तुमसे कितनी दुरी पर है।
जैसे 2 किमी, 4 किमी, अहमदाबाद या अफ्रीका। जो भी है।
तेरे को जो लड़का पसंद आए ना उसको दाहिनी ओर स्वाइप मार देना।",अगर वो भी ____ पसंद करता है,अगर वो भी तुझे पसंद करता है,तुझे
IndicDialogue,Good Newwz,1956816836,849,"मेरा स्पैम वापस करो, बहन जी।
डॉक्टर साहब मेरा फैदा वापस करो, बस।
हनी जी बस आप तनाव मत लीजिए ना।
आप लोगों को बस एक छोटी प्रक्रिया करवानी है ताकि बच्चे का कोई संयोग ना हो, बस।
प्लांटेशन? यार ये आदमी हिंदी क्यों नहीं बोलता ये?","-अरे, ____ हिंदी क्यों नहीं बोलता है? -गर्भवती होने की कोई उम्मीद ना हो।","-अरे, तू हिंदी क्यों नहीं बोलता है? -गर्भवती होने की कोई उम्मीद ना हो।",तू
IndicDialogue,Shehzada,1958077493,54,"जल्दी चलो।
आ जाओ।
ये ज़िंदा है।
भगवान का शुक्र है!
देखो, सर।",____ मुझे दो।,तुम मुझे दो।,तुम
IndicDialogue,Good Newwz,1956816836,1308,"-बढ़िया है। एक मिनट। -क्या?
-हाँ ठीक है। कौन सा महीना चल रहा है? -ऐ। सर मार्च।
अह। नौ महीने बाद नवंबर हो जाएगा। ठीक है नवंबर तक ये डिलिवर कर देगी।
-शुक्रिया सर। -चुप हो जाओ।
-मैं तुमसे बाद में बात करती हूँ। -हो गई बात।",और ____ लोग उठो और निकलो।,और तुम लोग उठो और निकलो।,तुम
IndicDialogue,Guilty,1956804853,625,"‎♪ बोल की लब आज़ाद हैं तेरे ‎बोल की लब आज़ाद हैं तेरे ♪
‎♪ बोल की लब आज़ाद हैं तेरे ♪
‎नहीं, चलने दो।
‎मुझे फ़ैज़ बहुत पसंद है।
‎♪ बोल की लब आज़ाद हैं तेरे ‎बोल की लब आज़ाद हैं तेरे ♪","‎क्या मैं ____ हॉस्टल तक ही छोड़ दूं? ‎नया वाला, है ना? बैनर्जी वेस्ट।","‎क्या मैं तुम्हें हॉस्टल तक ही छोड़ दूं? ‎नया वाला, है ना? बैनर्जी वेस्ट।",तुम्हें
IndicDialogue,Shehzada,1958077493,334,"लॉयर कभी झूठ नहीं बोलते
ये गलत है।
ओके। अंदर आ जाओ।
ये हरमीत हैं। मेरे क्लाइंट।
ये अपनी पत्नी सिमरन से डिवोर्स चाहते हैं।",____ सिमरन की तरफ से लड़ो,तुम सिमरन की तरफ से लड़ो,तुम
IndicDialogue,Darlings,1957768015,1487,"‎♪ मानूँ न हार, ‎करके जुगाड़, दूँ मैं उखाड़ ♪
‎♪ बंटा है होगी चीर-फाड़ ♪
‎♪ करूँ हलाल, बिछा के जाल, बचेगा कैसे ‎ओ मेरे लाल, लाल, लाल, लाल, लाल ♪
‎♪ ओ मेरे लाल, करूँ हलाल, ‎बिछा के जाल, बचेगा कैसे ओ मेरे लाल ♪
‎♪ आज फिर काल होगा वो काल, काल, काल ♪",‎अगर ____ या किसी जान-पहचान के इंसान का ‎घरेलू उत्पीड़न हुआ है और इस परेशानी से,‎अगर आपका या किसी जान-पहचान के इंसान का ‎घरेलू उत्पीड़न हुआ है और इस परेशानी से,आपका
IndicDialogue,Jaane Jaan,1958289341,973,"लेकिन उसके खिलाफ नहीं, उसकी तरफ हैं।
-वो उस दिन कहीं और थी… -""झूँठ बोल रही है वो!""
तुम्हें भी मालूम है।
अजीत मर चुका है, हत्या हुई है।
माया अकेली संदिग्ध है।",-और क्या चाहिए ____? -सर…,-और क्या चाहिए तुम्हें? -सर…,तुम्हें
IndicDialogue,Tu Jhoothi Main Makkaar,1958103212,1941,"किंची को कतई पसंद नहीं है।
और केटरर को बता दे 50 लोगों का खाना बिना प्याज़-लहसुन के बनेगा।
और पन्नु को दस-बारह इनोवा के लिए भी बोल दियो।
भैया, भाभी आ गई!
उतरेगी तू?","मैं प्रेग्नेंट हूँ, ____ नहीं।","मैं प्रेग्नेंट हूँ, तू नहीं।",तू
IndicDialogue,The White Tiger,1957077990,1164,"‏ उनका नाम क्या है? अह…
‏-कुसुम, सर। ‏-कुसुम जी।
‏मैं लक्षमणगढ़ गया था ‏और उन्हें सब समझा दिया।
‏तुम्हारे भाई से भी मिला। ‏तुम्हारा सारा परिवार वहाँ था।
‏इसके लिए उन्हें तुम पर नाज़ है,",‏और वह ____ कबूलनामे की ‏गवाह बनने को भी तैयार हैं।,‏और वह तुम्हारे कबूलनामे की ‏गवाह बनने को भी तैयार हैं।,तुम्हारे
IndicDialogue,Good Newwz,1956816836,780,"और ये है मेरा कार्ड।
हाँ, तो अपने पास रख लो।
-डॉक्टर साहब? -जी।
आपका फ़ोन आया था कोई ज़रूरी काम? क्योंकि मुझे जल्दी ऑफ़िस जाना है।
हाँ।",नहीं। डॉक्टर साहब ____ आराम से बताइए। हमें कोई काम नहीं है।,नहीं। डॉक्टर साहब आप आराम से बताइए। हमें कोई काम नहीं है।,आप
IndicDialogue,Haseen Dillruba,1957295757,1707,"‎हाँ, करती हूँ याद। ‎बहुत बड़ी ग़लती थी तुम मेरी।
‎ऐसे याद करती हूँ तुम्हें मैं!
‎मैं ग़लती हूँ?
‎तो फिर इनको छोड़कर मेरे पास क्यों आई?
‎क्योंकि सच्चा प्यार पाने के लिए ना ‎बहुत सारे मेढकों को मुँह लगाना पड़ता है।",‎और ____ ना उसी कैटेगरी के हो।,‎और तुम ना उसी कैटेगरी के हो।,तुम
IndicDialogue,Good Newwz,1956816836,1311,"-शुक्रिया सर। -चुप हो जाओ।
-मैं तुमसे बाद में बात करती हूँ। -हो गई बात।
और तुम लोग उठो और निकलो।
-हैं? -और आइंदा ऐसी घटिया बात की ना...
निकल जाओ यहाँ से, यार।",मुझे ____ ऐसे बाहर निकल जाओ क्यों कह रही हैं?,मुझे आप ऐसे बाहर निकल जाओ क्यों कह रही हैं?,आप
IndicDialogue,Axone,1956818787,410,"उसके वहाँ चलते हैं, सिलेन्डर फटाफट मिल जाएगा।
अरे वह बंगाली आंटी कभी भी आ सकती हैं ना?
अरे बगल में ही है। पाँच मिनट लगेंगे मुश्किल से।
पाँच मिनट में नहीं आयेगा तू!
मम्मी कसम यार! पाँच मिनट से एक मिनट ऊपर नहीं लगेगा।",____ में से एक मेरे साथ बाइक पर आ जाओ फटाफट!,तुम में से एक मेरे साथ बाइक पर आ जाओ फटाफट!,तुम
IndicDialogue,Madam Chief Minister,1957179704,1450,"कि विधायक इंद्रमणि त्रिपाठी के गायब होने में भी आपका हाथ है।
आप अपनी सफाई में कुछ कहना चाहेंगी?
जी अपनी सफाई में आज तक तो कुछ कहा नहीं।
तो अब क्यों कहूँगी?
बाकी वकीलों की बातें वे बेहतर जाने।",____ बैठ सकती हैं।,आप बैठ सकती हैं।,आप
IndicDialogue,Tu Jhoothi Main Makkaar,1958103212,1154,"संडे का डिसाइड हुआ है मिलने का।
वैसे ये सब तो फ़ॉरमैलिटी है।
मैंने तो आगे की तैयारी ऑलरेडी शुरू कर दी।
दो न।
{\an8}आर्किटेक्ट को बोलकर एक बेसिक प्लान बनाया है फर्स्ट फ्लोर का।","अब ____ देखकर बता, क्या बदलना है।","अब तू देखकर बता, क्या बदलना है।",तू
IndicDialogue,The Great Indian Family,1958355201,947,"हुंह। अपना वोट अपने आप के लिए।
वो एक वोट हमारा है चाचा जी।
और हमारा वोट ना सिर्फ हमको भजन संध्या से कैंसिल करने का नहीं है।
हमको लगता है हमें इस घर से ही कैंसिल हो जाना चाहिए।
- भैया तुम क्या ये.. - क्या..क्या.. क्या एक मिनट। क्या बोले तुम?",वही जो ____ सुने.,वही जो आप सुने.,आप
IndicDialogue,Jaane Jaan,1958289341,764,"अकल नहीं आती है!
इनमें से, कुछ भी आप पहचानती हैं?
ठीक है। बैठिए।
मिसेज़ डिसूज़ा, हम जानते हैं कि…
अजीत म्हात्रे की किसी एक सोनिया डिसूज़ा से शादी हुई थी।",वो ____ हैं?,वो आप हैं?,आप
IndicDialogue,The White Tiger,1957077990,217,"‏तुम यहीं रहोगे किशन के साथ।
‏ ‏दादी ने उसकी शादी कर दी थी,
‏अपनी बीवी के साथ ‏मौज-मस्ती के लिए दो हफ़्ते दिए,
‏और अब वह यहाँ फँस गया था। ‏मेरी भी यही हालत होती।
‏ ठीक है, रहने दीजिए। ‏हमको क्या है।","‏हमको लगा, हम और पैसा कमाएँगे, ‏तो ____ ही उससे और भैंस खरीद पाइएगा…","‏हमको लगा, हम और पैसा कमाएँगे, ‏तो आप ही उससे और भैंस खरीद पाइएगा…",आप
IndicDialogue,Guilty,1956804853,1811,"‎क्योंकि...
‎तुम उसे पसंद करती थी।
‎तुमने उसके साथ फ़्लर्ट किया था।
‎और तुम उसके साथ सोना चाहती थी।
‎तो साफ़-सी बात है कि तुम ही दोषी हो।","‎वैसे भी ____ कुछ भी कहती हो किसी से भी, ‎इतनी कॉन्फ़िडेंट हो।","‎वैसे भी तुम कुछ भी कहती हो किसी से भी, ‎इतनी कॉन्फ़िडेंट हो।",तुम
IndicDialogue,Axone,1956818787,825,"चुप कर!
मारथा अभी आ रही है!
दवाई से कुछ फर्क पड़ा?
थोड़ा ठीक लग रहा है।
- हे! - माफ करना! खाना बना रही थी।",____ पता चला?,तुझे पता चला?,तुझे
IndicDialogue,Dhamaka,1957450323,1270,"‪जो न्यूज़ में कह रहा है, ये जो न्यूज़ में ‪कह रहा है। क्या कह रहा है ये?
‪ये सच कह रहा है कि झूठ कह रहा है?
‪क्या कह रहा है? कौन सी न्यूज़?
‪ न्यूज़ देखिए आप।
‪ आईएनएल न्यूज़ से ‪मैं मानस सेठी बोल रहा हूँ।","‪श्री अर्जुन पाठक, हमें अपने विश्वसनीय ‪सूत्रों से ____ बारे में कुछ पता चला है।","‪श्री अर्जुन पाठक, हमें अपने विश्वसनीय ‪सूत्रों से आपके बारे में कुछ पता चला है।",आपके
IndicDialogue,Axone,1956818787,1044,"और मेरे बेटे के बारे में फालतू बकवास क्या कर रही है, तू यह?
तुम जानते हो इसको?
नहीं मैं... तू मुझ से क्यों पूछ रही है यार?
झूठ बोल रही है यह लड़की। नहीं मैं नहीं जानता इसको।
अभी झूठ बोल रही हूँ मैं?",सबके सामने मुझे थप्पड़ मारा तूने मार्केट में आज और ____ भूल गया?,सबके सामने मुझे थप्पड़ मारा तूने मार्केट में आज और तू भूल गया?,तू
IndicDialogue,Jaane Jaan,1958289341,1830,"आप आज़ाद हैं।
क्या मैं टीचर से एक बार बात कर सकती हूँ?
-क्यों? -पूछना है कि क्यों किया उसने ये सब।
मिसेज़ डिसूज़ा, उसकी दिमागी हालत ठीक नहीं है।
-मैं चलता हूँ साथ में। -नहीं।",____ सामने वो कुछ नहीं बोलेगा।,आपके सामने वो कुछ नहीं बोलेगा।,आपके
IndicDialogue,Shehzada,1958077493,735,"छोटा सा घर तो है मेरे पास।
प्यार है?
आप मेरे ख्वाबों में ही सही हो।
लेकिन औकात के बहुत बाहर हो।
बंटू, प्यार में घर नहीं दिल देखते हैं।",मेरा घर देख के ____ दिल बदल जाएगा।,मेरा घर देख के आपका दिल बदल जाएगा।,आपका
IndicDialogue,Guilty,1956804853,895,"‎-रॉय के यहां। मैंने तुम्हें बताया था। ‎-क्यों?
‎""क्यों"" मतलब? थीसिस वर्क, यार।
‎वैलेंटाइन्स के दिन?
‎इसके पहले हमारी किस बारे में बहस हुई थी, नानकी?
‎मैंने तुमसे कहा नहीं था ‎कि रॉय तुम्हारा शोषण कर रहा है",‎सिर्फ़ इसलिए ताकि ____ उसकी थीसिस लिखो?,‎सिर्फ़ इसलिए ताकि तुम उसकी थीसिस लिखो?,तुम
IndicDialogue,Good Newwz,1956816836,1330,"मैं असंवेदनशील?
असंवेदनशील मैं नहीं, तुम हो।
बिना बात किए गर्भपात ना कराने का फ़ैसला किसका था? तुम्हारा।
अब भुगतो इन दोनों जाहिलों को।
राई के तेल की बदबू आती है इनमें से।",आज के बाद ना मैं ____ इस बच्चे के बाप को अपने घर में घुसने नहीं दूँगा। देख लेना।,आज के बाद ना मैं तुम्हारे इस बच्चे के बाप को अपने घर में घुसने नहीं दूँगा। देख लेना।,तुम्हारे
IndicDialogue,Guilty,1956804853,1532,"‎मैं फ़ोन कर रही थी क्योंकि मुझे पता है क्या हुआ था!
‎-खून के बारे में... ‎-कोई खून नहीं था, नानकी।
‎तनु ने बताया कि वहाँ ब्लड नहीं था।
‎माफ़ करना
‎वीजे के लिए तुम्हारी गवाही ‎अदालत स्वीकार नहीं करेगी।",‎____ कॉलेज की कमेटी तुम्हें बहुत नाज़ुक़ मानती है।,‎तुम्हारे कॉलेज की कमेटी तुम्हें बहुत नाज़ुक़ मानती है।,तुम्हारे
IndicDialogue,Indoo Ki Jawani,1957132233,16,"एक पप्पी तो करने दे।
हम्म?
हट यहाँ से! ऑटो वाला देख रहा है।
ऑटो वाले बड़े कमीने होते हैं।
मौका देखकर कभी भी बलात्कार कर सकते हैं।",____ पागल है? तुम आगे देखो।,तू पागल है? तुम आगे देखो।,तू
IndicDialogue,Indoo Ki Jawani,1957132233,165,"देखो इंदू, तेरे पास कोई ख़ास खजाना नहीं है।
सभी के पास वही होता है।
तो मेरी ईमानदारी को हल्के में लेना बंद कर दे।
मैं ख़ास नहीं हूँ तो मेरे पीछे क्यों पड़ा है?
जा, जाकर कहीं और मुँह मार ले। भाड़ में जा तू!","हट, ____ भाड़ में जा!","हट, तू भाड़ में जा!",तू
IndicDialogue,The White Tiger,1957077990,404,"‏हैलो, मेरा नाम पिंकी है। ‏तुमसे मिलकर अच्छा लगा।
‏जान, अच्छा। मुझे इससे बात करनी है।
‏-बाय। ठीक है। ‏-मुझे बात करनी है।
‏तो, अह, ड्राइवर। हम दोनों… ‏माफ़ करना। तुम्हारा नाम क्या है?
‏-बलराम, सर। ‏- हाँ, बलराम।","‏तो, बलराम, ____ पता है ‏इंटरनेट क्या होता है?","‏तो, बलराम, तुम्हें पता है ‏इंटरनेट क्या होता है?",तुम्हें
IndicDialogue,Axone,1956818787,17,"अरे मुझे चर्च जाना था यार।
क्लब
अच्छा तू ठीक है ना?
पता नहीं। ये सब बहुत अजीब है।
चिंता मत कर। नहीं हम",- ____ बस इंटरव्यू पर ध्यान देना। -  हाँ।,- तू बस इंटरव्यू पर ध्यान देना। -  हाँ।,तू
